Data,Pubblicità (minuti),Durata annunci (secondi) per ora,Spettatori medi,Messaggi chat,Utenti chat,Visualizzazioni clip,Clip create,Segue,Spettatori Raid e Host (%),Visualizzazioni live,Spettatori max,Minuti visti,Minuti di streaming,Spettatori unici,Entrate degli abbonamenti,Ricavi Prime,Entrate degli abbonamenti in regalo,Ricavi bit,Entrate pubblicità,Ricavi dalla vendita di giochi,Entrate dalle estensioni,Ricavi promozioni,Abbonamenti Prime,Abbonamenti paganti in totale,Abbonati Liv. 1,Abbonamenti regalo in totale,Abbonamenti Liv. 1 in regalo,CategoriaSat May 26 2018,0,0,0,0,0,0,0,0,0,0,0,0,0,0,0,0,0,0,0,0,0,0,0,0,0,0,0,Sun May 27 2018,0,0,1.5,0,0,0,0,1,0,17,3,220,163,6,0,0,0,0,0,0,0,0,0,0,0,0,0,Mon May 28 2018,0,0,0,0,0,0,0,0,0,0,0,0,0,0,0,0,0,0,0,0,0,0,0,0,0,0,0,Tue May 29 2018,0,0,0.08,0,0,0,0,0,0,1,1,1,17,1,0,0,0,0,0,0,0,0,0,0,0,0,0,Wed May 30 2018,0,0,0,0,0,0,0,0,0,0,0,0,0,0,0,0,0,0,0,0,0,0,0,0,0,0,0,Thu May 31 2018,0,0,0,0,0,0,0,0,0,0,0,0,0,0,0,0,0,0,0,0,0,0,0,0,0,0,0,Fri Jun 01 2018,0,0,0,0,0,0,0,0,0,0,0,0,0,0,0,0,0,0,0,0,0,0,0,0,0,0,0,Sat Jun 02 2018,0,0,0,0,0,0,0,0,0,0,0,0,0,0,0,0,0,0,0,0,0,0,0,0,0,0,0,Sun Jun 03 2018,0,0,0,0,0,0,0,0,0,0,0,0,0,0,0,0,0,0,0,0,0,0,0,0,0,0,0,Mon Jun 04 2018,0,0,0,0,0,0,0,0,0,0,0,0,0,0,0,0,0,0,0,0,0,0,0,0,0,0,0,Tue Jun 05 2018,0,0,0,0,0,0,0,0,0,0,0,0,0,0,0,0,0,0,0,0,0,0,0,0,0,0,0,Wed Jun 06 2018,0,0,0,0,0,0,0,0,0,0,0,0,0,0,0,0,0,0,0,0,0,0,0,0,0,0,0,Thu Jun 07 2018,0,0,0,0,0,0,0,0,0,0,0,0,0,0,0,0,0,0,0,0,0,0,0,0,0,0,0,Fri Jun 08 2018,0,0,0,0,0,0,0,0,0,0,0,0,0,0,0,0,0,0,0,0,0,0,0,0,0,0,0,Sat Jun 09 2018,0,0,0,0,0,0,0,0,0,0,0,0,0,0,0,0,0,0,0,0,0,0,0,0,0,0,0,Sun Jun 10 2018,0,0,0,0,0,0,0,0,0,0,0,0,0,0,0,0,0,0,0,0,0,0,0,0,0,0,0,Mon Jun 11 2018,0,0,0,0,0,0,0,0,0,0,0,0,0,0,0,0,0,0,0,0,0,0,0,0,0,0,0,Tue Jun 12 2018,0,0,0,0,0,0,0,0,0,0,0,0,0,0,0,0,0,0,0,0,0,0,0,0,0,0,0,Wed Jun 13 2018,0,0,0,0,0,0,0,0,0,0,0,0,0,0,0,0,0,0,0,0,0,0,0,0,0,0,0,Thu Jun 14 2018,0,0,0,0,0,0,0,0,0,0,0,0,0,0,0,0,0,0,0,0,0,0,0,0,0,0,0,Fri Jun 15 2018,0,0,0,0,0,0,0,0,0,0,0,0,0,0,0,0,0,0,0,0,0,0,0,0,0,0,0,Sat Jun 16 2018,0,0,0,0,0,0,0,0,0,0,0,0,0,0,0,0,0,0,0,0,0,0,0,0,0,0,0,Sun Jun 17 2018,0,0,0,0,0,0,0,0,0,0,0,0,0,0,0,0,0,0,0,0,0,0,0,0,0,0,0,Mon Jun 18 2018,0,0,0,0,0,0,0,0,0,0,0,0,0,0,0,0,0,0,0,0,0,0,0,0,0,0,0,Tue Jun 19 2018,0,0,0,0,0,0,0,0,0,0,0,0,0,0,0,0,0,0,0,0,0,0,0,0,0,0,0,Wed Jun 20 2018,0,0,0,0,0,0,0,0,0,0,0,0,0,0,0,0,0,0,0,0,0,0,0,0,0,0,0,Thu Jun 21 2018,0,0,0,0,0,0,0,0,0,0,0,0,0,0,0,0,0,0,0,0,0,0,0,0,0,0,0,Fri Jun 22 2018,0,0,0,0,0,0,0,0,0,0,0,0,0,0,0,0,0,0,0,0,0,0,0,0,0,0,0,Sat Jun 23 2018,0,0,0,0,0,0,0,0,0,0,0,0,0,0,0,0,0,0,0,0,0,0,0,0,0,0,0,Sun Jun 24 2018,0,0,0,0,0,0,0,0,0,0,0,0,0,0,0,0,0,0,0,0,0,0,0,0,0,0,0,Mon Jun 25 2018,0,0,0,0,0,0,0,0,0,0,0,0,0,0,0,0,0,0,0,0,0,0,0,0,0,0,0,Tue Jun 26 2018,0,0,0,0,0,0,0,0,0,0,0,0,0,0,0,0,0,0,0,0,0,0,0,0,0,0,0,Wed Jun 27 2018,0,0,0,0,0,0,0,0,0,0,0,0,0,0,0,0,0,0,0,0,0,0,0,0,0,0,0,Thu Jun 28 2018,0,0,0,0,0,0,0,0,0,0,0,0,0,0,0,0,0,0,0,0,0,0,0,0,0,0,0,Fri Jun 29 2018,0,0,0,0,0,0,0,0,0,0,0,0,0,0,0,0,0,0,0,0,0,0,0,0,0,0,0,Sat Jun 30 2018,0,0,0,0,0,0,0,0,0,0,0,0,0,0,0,0,0,0,0,0,0,0,0,0,0,0,0,Sun Jul 01 2018,0,0,0,0,0,0,0,0,0,0,0,0,0,0,0,0,0,0,0,0,0,0,0,0,0,0,0,Mon Jul 02 2018,0,0,0,0,0,0,0,0,0,0,0,0,0,0,0,0,0,0,0,0,0,0,0,0,0,0,0,Tue Jul 03 2018,0,0,0,0,0,0,0,0,0,0,0,0,0,0,0,0,0,0,0,0,0,0,0,0,0,0,0,Wed Jul 04 2018,0,0,0,0,0,0,0,0,0,0,0,0,0,0,0,0,0,0,0,0,0,0,0,0,0,0,0,Thu Jul 05 2018,0,0,0,0,0,0,0,0,0,0,0,0,0,0,0,0,0,0,0,0,0,0,0,0,0,0,0,Fri Jul 06 2018,0,0,0,0,0,0,0,0,0,0,0,0,0,0,0,0,0,0,0,0,0,0,0,0,0,0,0,Sat Jul 07 2018,0,0,0,0,0,0,0,0,0,0,0,0,0,0,0,0,0,0,0,0,0,0,0,0,0,0,0,Sun Jul 08 2018,0,0,0,0,0,0,0,0,0,0,0,0,0,0,0,0,0,0,0,0,0,0,0,0,0,0,0,Mon Jul 09 2018,0,0,0,0,0,0,0,0,0,0,0,0,0,0,0,0,0,0,0,0,0,0,0,0,0,0,0,Tue Jul 10 2018,0,0,0,0,0,0,0,0,0,0,0,0,0,0,0,0,0,0,0,0,0,0,0,0,0,0,0,Wed Jul 11 2018,0,0,0,0,0,0,0,0,0,0,0,0,0,0,0,0,0,0,0,0,0,0,0,0,0,0,0,Thu Jul 12 2018,0,0,0,0,0,0,0,0,0,0,0,0,0,0,0,0,0,0,0,0,0,0,0,0,0,0,0,Fri Jul 13 2018,0,0,0,0,0,0,0,0,0,0,0,0,0,0,0,0,0,0,0,0,0,0,0,0,0,0,0,Sat Jul 14 2018,0,0,0,0,0,0,0,0,0,0,0,0,0,0,0,0,0,0,0,0,0,0,0,0,0,0,0,Sun Jul 15 2018,0,0,0,0,0,0,0,0,0,0,0,0,0,0,0,0,0,0,0,0,0,0,0,0,0,0,0,Mon Jul 16 2018,0,0,0,0,0,0,0,0,0,0,0,0,0,0,0,0,0,0,0,0,0,0,0,0,0,0,0,Tue Jul 17 2018,0,0,0,0,0,0,0,0,0,0,0,0,0,0,0,0,0,0,0,0,0,0,0,0,0,0,0,Wed Jul 18 2018,0,0,0,0,0,0,0,0,0,0,0,0,0,0,0,0,0,0,0,0,0,0,0,0,0,0,0,Thu Jul 19 2018,0,0,0,0,0,0,0,0,0,0,0,0,0,0,0,0,0,0,0,0,0,0,0,0,0,0,0,Fri Jul 20 2018,0,0,0,0,0,0,0,0,0,0,0,0,0,0,0,0,0,0,0,0,0,0,0,0,0,0,0,Sat Jul 21 2018,0,0,0,0,0,0,0,0,0,0,0,0,0,0,0,0,0,0,0,0,0,0,0,0,0,0,0,Sun Jul 22 2018,0,0,0,0,0,0,0,0,0,0,0,0,0,0,0,0,0,0,0,0,0,0,0,0,0,0,0,Mon Jul 23 2018,0,0,0,0,0,0,0,0,0,0,0,0,0,0,0,0,0,0,0,0,0,0,0,0,0,0,0,Tue Jul 24 2018,0,0,0,0,0,0,0,0,0,0,0,0,0,0,0,0,0,0,0,0,0,0,0,0,0,0,0,Wed Jul 25 2018,0,0,0,0,0,0,0,0,0,0,0,0,0,0,0,0,0,0,0,0,0,0,0,0,0,0,0,Thu Jul 26 2018,0,0,0,0,0,0,0,0,0,0,0,0,0,0,0,0,0,0,0,0,0,0,0,0,0,0,0,Fri Jul 27 2018,0,0,0,0,0,0,0,0,0,0,0,0,0,0,0,0,0,0,0,0,0,0,0,0,0,0,0,Sat Jul 28 2018,0,0,0,0,0,0,0,0,0,0,0,0,0,0,0,0,0,0,0,0,0,0,0,0,0,0,0,Sun Jul 29 2018,0,0,0,0,0,0,0,0,0,0,0,0,0,0,0,0,0,0,0,0,0,0,0,0,0,0,0,Mon Jul 30 2018,0,0,0,0,0,0,0,0,0,0,0,0,0,0,0,0,0,0,0,0,0,0,0,0,0,0,0,Tue Jul 31 2018,0,0,0,0,0,0,0,0,0,0,0,0,0,0,0,0,0,0,0,0,0,0,0,0,0,0,0,Wed Aug 01 2018,0,0,0,0,0,0,0,0,0,0,0,0,0,0,0,0,0,0,0,0,0,0,0,0,0,0,0,Thu Aug 02 2018,0,0,0,0,0,0,0,0,0,0,0,0,0,0,0,0,0,0,0,0,0,0,0,0,0,0,0,Fri Aug 03 2018,0,0,0,0,0,0,0,0,0,0,0,0,0,0,0,0,0,0,0,0,0,0,0,0,0,0,0,Sat Aug 04 2018,0,0,0,0,0,0,0,0,0,0,0,0,0,0,0,0,0,0,0,0,0,0,0,0,0,0,0,Sun Aug 05 2018,0,0,0,0,0,0,0,0,0,0,0,0,0,0,0,0,0,0,0,0,0,0,0,0,0,0,0,Mon Aug 06 2018,0,0,0,0,0,0,0,0,0,0,0,0,0,0,0,0,0,0,0,0,0,0,0,0,0,0,0,Tue Aug 07 2018,0,0,0,0,0,0,0,0,0,0,0,0,0,0,0,0,0,0,0,0,0,0,0,0,0,0,0,Wed Aug 08 2018,0,0,0,0,0,0,0,0,0,0,0,0,0,0,0,0,0,0,0,0,0,0,0,0,0,0,0,Thu Aug 09 2018,0,0,0,0,0,0,0,0,0,0,0,0,0,0,0,0,0,0,0,0,0,0,0,0,0,0,0,Fri Aug 10 2018,0,0,0,0,0,0,0,0,0,0,0,0,0,0,0,0,0,0,0,0,0,0,0,0,0,0,0,Sat Aug 11 2018,0,0,0,0,0,0,0,0,0,0,0,0,0,0,0,0,0,0,0,0,0,0,0,0,0,0,0,Sun Aug 12 2018,0,0,0,0,0,0,0,0,0,0,0,0,0,0,0,0,0,0,0,0,0,0,0,0,0,0,0,Mon Aug 13 2018,0,0,0,0,0,0,0,0,0,0,0,0,0,0,0,0,0,0,0,0,0,0,0,0,0,0,0,Tue Aug 14 2018,0,0,0,0,0,0,0,0,0,0,0,0,0,0,0,0,0,0,0,0,0,0,0,0,0,0,0,Wed Aug 15 2018,0,0,0,0,0,0,0,0,0,0,0,0,0,0,0,0,0,0,0,0,0,0,0,0,0,0,0,Thu Aug 16 2018,0,0,0,0,0,0,0,0,0,0,0,0,0,0,0,0,0,0,0,0,0,0,0,0,0,0,0,Fri Aug 17 2018,0,0,0,0,0,0,0,0,0,0,0,0,0,0,0,0,0,0,0,0,0,0,0,0,0,0,0,Sat Aug 18 2018,0,0,0,0,0,0,0,0,0,0,0,0,0,0,0,0,0,0,0,0,0,0,0,0,0,0,0,Sun Aug 19 2018,0,0,0,0,0,0,0,0,0,0,0,0,0,0,0,0,0,0,0,0,0,0,0,0,0,0,0,Mon Aug 20 2018,0,0,0,0,0,0,0,0,0,0,0,0,0,0,0,0,0,0,0,0,0,0,0,0,0,0,0,Tue Aug 21 2018,0,0,0,0,0,0,0,0,0,0,0,0,0,0,0,0,0,0,0,0,0,0,0,0,0,0,0,Wed Aug 22 2018,0,0,0,0,0,0,0,0,0,0,0,0,0,0,0,0,0,0,0,0,0,0,0,0,0,0,0,Thu Aug 23 2018,0,0,0,0,0,0,0,0,0,0,0,0,0,0,0,0,0,0,0,0,0,0,0,0,0,0,0,Fri Aug 24 2018,0,0,0,0,0,0,0,0,0,0,0,0,0,0,0,0,0,0,0,0,0,0,0,0,0,0,0,Sat Aug 25 2018,0,0,0,0,0,0,0,0,0,0,0,0,0,0,0,0,0,0,0,0,0,0,0,0,0,0,0,Sun Aug 26 2018,0,0,0,0,0,0,0,0,0,0,0,0,0,0,0,0,0,0,0,0,0,0,0,0,0,0,0,Mon Aug 27 2018,0,0,0,0,0,0,0,0,0,0,0,0,0,0,0,0,0,0,0,0,0,0,0,0,0,0,0,Tue Aug 28 2018,0,0,0,0,0,0,0,0,0,0,0,0,0,0,0,0,0,0,0,0,0,0,0,0,0,0,0,Wed Aug 29 2018,0,0,0,0,0,0,0,0,0,0,0,0,0,0,0,0,0,0,0,0,0,0,0,0,0,0,0,Thu Aug 30 2018,0,0,0,0,0,0,0,0,0,0,0,0,0,0,0,0,0,0,0,0,0,0,0,0,0,0,0,Fri Aug 31 2018,0,0,0,0,0,0,0,0,0,0,0,0,0,0,0,0,0,0,0,0,0,0,0,0,0,0,0,Sat Sep 01 2018,0,0,0,0,0,0,0,0,0,0,0,0,0,0,0,0,0,0,0,0,0,0,0,0,0,0,0,Sun Sep 02 2018,0,0,0,0,0,0,0,0,0,0,0,0,0,0,0,0,0,0,0,0,0,0,0,0,0,0,0,Mon Sep 03 2018,0,0,0,0,0,0,0,0,0,0,0,0,0,0,0,0,0,0,0,0,0,0,0,0,0,0,0,Tue Sep 04 2018,0,0,0,0,0,0,0,0,0,0,0,0,0,0,0,0,0,0,0,0,0,0,0,0,0,0,0,Wed Sep 05 2018,0,0,0,0,0,0,0,0,0,0,0,0,0,0,0,0,0,0,0,0,0,0,0,0,0,0,0,Thu Sep 06 2018,0,0,0,0,0,0,0,0,0,0,0,0,0,0,0,0,0,0,0,0,0,0,0,0,0,0,0,Fri Sep 07 2018,0,0,0,0,0,0,0,0,0,0,0,0,0,0,0,0,0,0,0,0,0,0,0,0,0,0,0,Sat Sep 08 2018,0,0,0,0,0,0,0,0,0,0,0,0,0,0,0,0,0,0,0,0,0,0,0,0,0,0,0,Sun Sep 09 2018,0,0,0,0,0,0,0,0,0,0,0,0,0,0,0,0,0,0,0,0,0,0,0,0,0,0,0,Mon Sep 10 2018,0,0,0,0,0,0,0,0,0,0,0,0,0,0,0,0,0,0,0,0,0,0,0,0,0,0,0,Tue Sep 11 2018,0,0,0,0,0,0,0,0,0,0,0,0,0,0,0,0,0,0,0,0,0,0,0,0,0,0,0,Wed Sep 12 2018,0,0,0,0,0,0,0,0,0,0,0,0,0,0,0,0,0,0,0,0,0,0,0,0,0,0,0,Thu Sep 13 2018,0,0,0,0,0,0,0,0,0,0,0,0,0,0,0,0,0,0,0,0,0,0,0,0,0,0,0,Fri Sep 14 2018,0,0,0,0,0,0,0,0,0,0,0,0,0,0,0,0,0,0,0,0,0,0,0,0,0,0,0,Sat Sep 15 2018,0,0,0,0,0,0,0,0,0,0,0,0,0,0,0,0,0,0,0,0,0,0,0,0,0,0,0,Sun Sep 16 2018,0,0,0,0,0,0,0,0,0,0,0,0,0,0,0,0,0,0,0,0,0,0,0,0,0,0,0,Mon Sep 17 2018,0,0,0,0,0,0,0,0,0,0,0,0,0,0,0,0,0,0,0,0,0,0,0,0,0,0,0,Tue Sep 18 2018,0,0,0,0,0,0,0,0,0,0,0,0,0,0,0,0,0,0,0,0,0,0,0,0,0,0,0,Wed Sep 19 2018,0,0,0,0,0,0,0,0,0,0,0,0,0,0,0,0,0,0,0,0,0,0,0,0,0,0,0,Thu Sep 20 2018,0,0,0,0,0,0,0,0,0,0,0,0,0,0,0,0,0,0,0,0,0,0,0,0,0,0,0,Fri Sep 21 2018,0,0,0,0,0,0,0,0,0,0,0,0,0,0,0,0,0,0,0,0,0,0,0,0,0,0,0,Sat Sep 22 2018,0,0,0,0,0,0,0,0,0,0,0,0,0,0,0,0,0,0,0,0,0,0,0,0,0,0,0,Sun Sep 23 2018,0,0,0,0,0,0,0,0,0,0,0,0,0,0,0,0,0,0,0,0,0,0,0,0,0,0,0,Mon Sep 24 2018,0,0,0,0,0,0,0,0,0,0,0,0,0,0,0,0,0,0,0,0,0,0,0,0,0,0,0,Tue Sep 25 2018,0,0,0,0,0,0,0,0,0,0,0,0,0,0,0,0,0,0,0,0,0,0,0,0,0,0,0,Wed Sep 26 2018,0,0,0,0,0,0,0,0,0,0,0,0,0,0,0,0,0,0,0,0,0,0,0,0,0,0,0,Thu Sep 27 2018,0,0,0,0,0,0,0,0,0,0,0,0,0,0,0,0,0,0,0,0,0,0,0,0,0,0,0,Fri Sep 28 2018,0,0,0,0,0,0,0,0,0,0,0,0,0,0,0,0,0,0,0,0,0,0,0,0,0,0,0,Sat Sep 29 2018,0,0,0,0,0,0,0,0,0,0,0,0,0,0,0,0,0,0,0,0,0,0,0,0,0,0,0,Sun Sep 30 2018,0,0,0,0,0,0,0,0,0,0,0,0,0,0,0,0,0,0,0,0,0,0,0,0,0,0,0,Mon Oct 01 2018,0,0,0,0,0,0,0,0,0,0,0,0,0,0,0,0,0,0,0,0,0,0,0,0,0,0,0,Tue Oct 02 2018,0,0,0,0,0,0,0,0,0,0,0,0,0,0,0,0,0,0,0,0,0,0,0,0,0,0,0,Wed Oct 03 2018,0,0,0,0,0,0,0,0,0,0,0,0,0,0,0,0,0,0,0,0,0,0,0,0,0,0,0,Thu Oct 04 2018,0,0,0,0,0,0,0,0,0,0,0,0,0,0,0,0,0,0,0,0,0,0,0,0,0,0,0,Fri Oct 05 2018,0,0,0,0,0,0,0,0,0,0,0,0,0,0,0,0,0,0,0,0,0,0,0,0,0,0,0,Sat Oct 06 2018,0,0,0,0,0,0,0,0,0,0,0,0,0,0,0,0,0,0,0,0,0,0,0,0,0,0,0,Sun Oct 07 2018,0,0,0,0,0,0,0,0,0,0,0,0,0,0,0,0,0,0,0,0,0,0,0,0,0,0,0,Mon Oct 08 2018,0,0,0,0,0,0,0,0,0,0,0,0,0,0,0,0,0,0,0,0,0,0,0,0,0,0,0,Tue Oct 09 2018,0,0,0,0,0,0,0,0,0,0,0,0,0,0,0,0,0,0,0,0,0,0,0,0,0,0,0,Wed Oct 10 2018,0,0,0,0,0,0,0,0,0,0,0,0,0,0,0,0,0,0,0,0,0,0,0,0,0,0,0,Thu Oct 11 2018,0,0,0,0,0,0,0,0,0,0,0,0,0,0,0,0,0,0,0,0,0,0,0,0,0,0,0,Fri Oct 12 2018,0,0,0,0,0,0,0,0,0,0,0,0,0,0,0,0,0,0,0,0,0,0,0,0,0,0,0,Sat Oct 13 2018,0,0,0,0,0,0,0,0,0,0,0,0,0,0,0,0,0,0,0,0,0,0,0,0,0,0,0,Sun Oct 14 2018,0,0,0,0,0,0,0,0,0,0,0,0,0,0,0,0,0,0,0,0,0,0,0,0,0,0,0,Mon Oct 15 2018,0,0,0,0,0,0,0,0,0,0,0,0,0,0,0,0,0,0,0,0,0,0,0,0,0,0,0,Tue Oct 16 2018,0,0,0,0,0,0,0,0,0,0,0,0,0,0,0,0,0,0,0,0,0,0,0,0,0,0,0,Wed Oct 17 2018,0,0,0,0,0,0,0,0,0,0,0,0,0,0,0,0,0,0,0,0,0,0,0,0,0,0,0,Thu Oct 18 2018,0,0,0,0,0,0,0,0,0,0,0,0,0,0,0,0,0,0,0,0,0,0,0,0,0,0,0,Fri Oct 19 2018,0,0,0,0,0,0,0,0,0,0,0,0,0,0,0,0,0,0,0,0,0,0,0,0,0,0,0,Sat Oct 20 2018,0,0,0,0,0,0,0,0,0,0,0,0,0,0,0,0,0,0,0,0,0,0,0,0,0,0,0,Sun Oct 21 2018,0,0,0,0,0,0,0,0,0,0,0,0,0,0,0,0,0,0,0,0,0,0,0,0,0,0,0,Mon Oct 22 2018,0,0,0,0,0,0,0,0,0,0,0,0,0,0,0,0,0,0,0,0,0,0,0,0,0,0,0,Tue Oct 23 2018,0,0,0.67,0,0,0,0,0,0,8,2,56,86,6,0,0,0,0,0,0,0,0,0,0,0,0,0,Wed Oct 24 2018,0,0,0,0,0,0,0,0,0,0,0,0,0,0,0,0,0,0,0,0,0,0,0,0,0,0,0,Thu Oct 25 2018,0,0,0,0,0,0,0,0,0,0,0,0,0,0,0,0,0,0,0,0,0,0,0,0,0,0,0,Fri Oct 26 2018,0,0,0,0,0,0,0,0,0,0,0,0,0,0,0,0,0,0,0,0,0,0,0,0,0,0,0,Sat Oct 27 2018,0,0,0,0,0,0,0,0,0,0,0,0,0,0,0,0,0,0,0,0,0,0,0,0,0,0,0,Sun Oct 28 2018,0,0,0,0,0,0,0,0,0,0,0,0,0,0,0,0,0,0,0,0,0,0,0,0,0,0,0,Mon Oct 29 2018,0,0,0,0,0,0,0,0,0,0,0,0,0,0,0,0,0,0,0,0,0,0,0,0,0,0,0,Tue Oct 30 2018,0,0,0,0,0,0,0,0,0,0,0,0,0,0,0,0,0,0,0,0,0,0,0,0,0,0,0,Wed Oct 31 2018,0,0,0,0,0,0,0,0,0,0,0,0,0,0,0,0,0,0,0,0,0,0,0,0,0,0,0,Thu Nov 01 2018,0,0,0,0,0,0,0,0,0,0,0,0,0,0,0,0,0,0,0,0,0,0,0,0,0,0,0,Fri Nov 02 2018,0,0,0,0,0,0,0,0,0,0,0,0,0,0,0,0,0,0,0,0,0,0,0,0,0,0,0,Sat Nov 03 2018,0,0,0.13,0,0,4,1,1,0,1,1,2,16,1,0,0,0,0,0,0,0,0,0,0,0,0,0,Sun Nov 04 2018,0,0,0,0,0,0,0,0,0,0,0,0,0,0,0,0,0,0,0,0,0,0,0,0,0,0,0,Mon Nov 05 2018,0,0,0,0,0,0,0,0,0,0,0,0,0,0,0,0,0,0,0,0,0,0,0,0,0,0,0,Tue Nov 06 2018,0,0,0,0,0,0,0,0,0,0,0,0,0,0,0,0,0,0,0,0,0,0,0,0,0,0,0,Wed Nov 07 2018,0,0,0,0,0,0,0,0,0,0,0,0,0,0,0,0,0,0,0,0,0,0,0,0,0,0,0,Thu Nov 08 2018,0,0,0.36,0,0,0,0,0,0,3,2,26,77,1,0,0,0,0,0,0,0,0,0,0,0,0,0,Fri Nov 09 2018,0,0,0,0,0,0,0,0,0,0,0,0,0,0,0,0,0,0,0,0,0,0,0,0,0,0,0,Sat Nov 10 2018,0,0,0.89,0,0,0,0,0,0,4,3,39,45,4,0,0,0,0,0,0,0,0,0,0,0,0,0,Sun Nov 11 2018,0,0,0,0,0,0,0,0,0,0,0,0,0,0,0,0,0,0,0,0,0,0,0,0,0,0,0,Mon Nov 12 2018,0,0,0.54,0,0,0,0,0,0,4,3,58,111,4,0,0,0,0,0,0,0,0,0,0,0,0,0,Tue Nov 13 2018,0,0,0.76,0,0,0,0,0,0,1,2,35,48,1,0,0,0,0,0,0,0,0,0,0,0,0,0,Wed Nov 14 2018,0,0,0,0,0,0,0,0,0,0,0,0,32,0,0,0,0,0,0,0,0,0,0,0,0,0,0,Thu Nov 15 2018,0,0,0.26,0,0,0,0,0,0,2,2,6,25,1,0,0,0,0,0,0,0,0,0,0,0,0,0,Fri Nov 16 2018,0,0,0,0,0,0,0,0,0,0,0,0,0,0,0,0,0,0,0,0,0,0,0,0,0,0,0,Sat Nov 17 2018,0,0,0,0,0,0,0,0,0,0,0,0,0,0,0,0,0,0,0,0,0,0,0,0,0,0,0,Sun Nov 18 2018,0,0,0,0,0,0,0,0,0,0,0,0,0,0,0,0,0,0,0,0,0,0,0,0,0,0,0,Mon Nov 19 2018,0,0,0,0,0,0,0,0,0,0,0,0,0,0,0,0,0,0,0,0,0,0,0,0,0,0,0,Tue Nov 20 2018,0,0,0,0,0,0,0,0,0,0,0,0,0,0,0,0,0,0,0,0,0,0,0,0,0,0,0,Wed Nov 21 2018,0,0,0,0,0,0,0,0,0,0,0,0,0,0,0,0,0,0,0,0,0,0,0,0,0,0,0,Thu Nov 22 2018,0,0,0,0,0,0,0,0,0,0,0,0,0,0,0,0,0,0,0,0,0,0,0,0,0,0,0,Fri Nov 23 2018,0,0,0,0,0,0,0,0,0,0,0,0,0,0,0,0,0,0,0,0,0,0,0,0,0,0,0,Sat Nov 24 2018,0,0,0,0,0,0,0,0,0,0,0,0,0,0,0,0,0,0,0,0,0,0,0,0,0,0,0,Sun Nov 25 2018,0,0,0,0,0,0,0,0,0,0,0,0,0,0,0,0,0,0,0,0,0,0,0,0,0,0,0,Mon Nov 26 2018,0,0,0,0,0,0,0,0,0,0,0,0,0,0,0,0,0,0,0,0,0,0,0,0,0,0,0,Tue Nov 27 2018,0,0,0,0,0,0,0,0,0,0,0,0,0,0,0,0,0,0,0,0,0,0,0,0,0,0,0,Wed Nov 28 2018,0,0,0,0,0,0,0,0,0,0,0,0,0,0,0,0,0,0,0,0,0,0,0,0,0,0,0,Thu Nov 29 2018,0,0,0.62,0,0,0,0,0,0,9,2,61,101,6,0,0,0,0,0,0,0,0,0,0,0,0,0,Fri Nov 30 2018,0,0,1,0,0,0,0,0,0,0,1,10,10,0,0,0,0,0,0,0,0,0,0,0,0,0,0,Sat Dec 01 2018,0,0,0,0,0,0,0,0,0,0,0,0,0,0,0,0,0,0,0,0,0,0,0,0,0,0,0,Sun Dec 02 2018,0,0,0,0,0,1,0,0,0,0,0,0,0,0,0,0,0,0,0,0,0,0,0,0,0,0,0,Mon Dec 03 2018,0,0,1,0,0,7,2,0,0,1,1,24,27,1,0,0,0,0,0,0,0,0,0,0,0,0,0,Tue Dec 04 2018,0,0,0,0,0,2,0,0,0,0,0,0,0,0,0,0,0,0,0,0,0,0,0,0,0,0,0,Wed Dec 05 2018,0,0,0,0,0,0,0,0,0,0,0,0,34,0,0,0,0,0,0,0,0,0,0,0,0,0,0,Thu Dec 06 2018,0,0,0,0,0,1,0,0,0,0,0,0,4,0,0,0,0,0,0,0,0,0,0,0,0,0,0,Fri Dec 07 2018,0,0,0,0,0,0,0,0,0,0,0,0,0,0,0,0,0,0,0,0,0,0,0,0,0,0,0,Sat Dec 08 2018,0,0,0.03,0,0,1,1,0,0,3,1,2,78,1,0,0,0,0,0,0,0,0,0,0,0,0,0,Sun Dec 09 2018,0,0,0,0,0,0,0,0,0,0,0,0,0,0,0,0,0,0,0,0,0,0,0,0,0,0,0,Mon Dec 10 2018,0,0,0,0,0,0,0,0,0,0,0,0,0,0,0,0,0,0,0,0,0,0,0,0,0,0,0,Tue Dec 11 2018,0,0,0,0,0,0,0,0,0,0,0,0,0,0,0,0,0,0,0,0,0,0,0,0,0,0,0,Wed Dec 12 2018,0,0,0,0,0,0,0,1,0,0,0,0,0,0,0,0,0,0,0,0,0,0,0,0,0,0,0,Thu Dec 13 2018,0,0,0,0,0,0,0,0,0,0,0,0,0,0,0,0,0,0,0,0,0,0,0,0,0,0,0,Fri Dec 14 2018,0,0,0,0,0,0,0,0,0,0,0,0,0,0,0,0,0,0,0,0,0,0,0,0,0,0,0,Sat Dec 15 2018,0,0,0,0,0,0,0,0,0,0,0,0,0,0,0,0,0,0,0,0,0,0,0,0,0,0,0,Sun Dec 16 2018,0,0,0,0,0,0,0,0,0,0,0,0,0,0,0,0,0,0,0,0,0,0,0,0,0,0,0,Mon Dec 17 2018,0,0,0,0,0,0,0,0,0,0,0,0,0,0,0,0,0,0,0,0,0,0,0,0,0,0,0,Tue Dec 18 2018,0,0,0.88,6,1,0,0,1,0,4,2,44,52,3,0,0,0,0,0,0,0,0,0,0,0,0,0,Wed Dec 19 2018,0,0,0.09,0,0,0,0,0,0,1,1,5,56,1,0,0,0,0,0,0,0,0,0,0,0,0,0,Thu Dec 20 2018,0,0,0,0,0,0,0,0,0,0,0,0,0,0,0,0,0,0,0,0,0,0,0,0,0,0,0,Fri Dec 21 2018,0,0,0,0,0,0,3,1,0,0,0,0,0,0,0,0,0,0,0,0,0,0,0,0,0,0,0,Sat Dec 22 2018,0,0,0,0,0,0,0,0,0,0,0,0,0,0,0,0,0,0,0,0,0,0,0,0,0,0,0,Sun Dec 23 2018,0,0,0.55,0,0,1,0,0,0,6,2,44,83,3,0,0,0,0,0,0,0,0,0,0,0,0,0,Mon Dec 24 2018,0,0,0,0,0,0,0,0,0,0,0,0,0,0,0,0,0,0,0,0,0,0,0,0,0,0,0,Tue Dec 25 2018,0,0,0,0,0,0,0,0,0,0,0,0,0,0,0,0,0,0,0,0,0,0,0,0,0,0,0,Wed Dec 26 2018,0,0,0,0,0,0,0,0,0,0,0,0,0,0,0,0,0,0,0,0,0,0,0,0,0,0,0,Thu Dec 27 2018,0,0,0,0,0,0,0,0,0,0,0,0,0,0,0,0,0,0,0,0,0,0,0,0,0,0,0,Fri Dec 28 2018,0,0,0,0,0,0,0,0,0,0,0,0,0,0,0,0,0,0,0,0,0,0,0,0,0,0,0,Sat Dec 29 2018,0,0,0.28,0,0,0,0,0,0,9,2,19,70,8,0,0,0,0,0,0,0,0,0,0,0,0,0,Sun Dec 30 2018,0,0,0.5,3,2,0,0,0,0,6,3,34,70,6,0,0,0,0,0,0,0,0,0,0,0,0,0,Mon Dec 31 2018,0,0,0,0,0,0,0,0,0,0,0,0,0,0,0,0,0,0,0,0,0,0,0,0,0,0,0,Tue Jan 01 2019,0,0,0,0,0,0,0,0,0,0,0,0,0,0,0,0,0,0,0,0,0,0,0,0,0,0,0,Wed Jan 02 2019,0,0,0,0,0,0,0,0,0,0,0,0,0,0,0,0,0,0,0,0,0,0,0,0,0,0,0,Thu Jan 03 2019,0,0,0,0,0,0,0,0,0,0,0,0,0,0,0,0,0,0,0,0,0,0,0,0,0,0,0,Fri Jan 04 2019,0,0,0.09,0,0,0,0,0,0,1,1,2,26,1,0,0,0,0,0,0,0,0,0,0,0,0,0,Sat Jan 05 2019,0,0,0,0,0,0,0,0,0,0,0,0,0,0,0,0,0,0,0,0,0,0,0,0,0,0,0,Sun Jan 06 2019,0,0,0,0,0,0,0,0,0,0,0,0,0,0,0,0,0,0,0,0,0,0,0,0,0,0,0,Mon Jan 07 2019,0,0,0,0,0,0,0,0,0,0,0,0,0,0,0,0,0,0,0,0,0,0,0,0,0,0,0,Tue Jan 08 2019,0,0,0,0,0,0,0,0,0,0,0,0,0,0,0,0,0,0,0,0,0,0,0,0,0,0,0,Wed Jan 09 2019,0,0,0,0,0,0,0,0,0,0,0,0,0,0,0,0,0,0,0,0,0,0,0,0,0,0,0,Thu Jan 10 2019,0,0,0,0,0,0,0,0,0,0,0,0,0,0,0,0,0,0,0,0,0,0,0,0,0,0,0,Fri Jan 11 2019,0,0,1.09,0,0,0,0,0,0,8,3,73,73,5,0,0,0,0,0,0,0,0,0,0,0,0,0,Sat Jan 12 2019,0,0,1.09,0,0,0,0,0,0,0,2,12,11,0,0,0,0,0,0,0,0,0,0,0,0,0,0,Sun Jan 13 2019,0,0,0,0,0,0,0,0,0,0,0,0,0,0,0,0,0,0,0,0,0,0,0,0,0,0,0,Mon Jan 14 2019,0,0,0,0,0,1,0,0,0,0,0,0,0,0,0,0,0,0,0,0,0,0,0,0,0,0,0,Tue Jan 15 2019,0,0,0,0,0,0,0,0,0,0,0,0,0,0,0,0,0,0,0,0,0,0,0,0,0,0,0,Wed Jan 16 2019,0,0,0,0,0,0,0,0,0,0,0,0,0,0,0,0,0,0,0,0,0,0,0,0,0,0,0,Thu Jan 17 2019,0,0,0,0,0,0,0,0,0,0,0,0,0,0,0,0,0,0,0,0,0,0,0,0,0,0,0,Fri Jan 18 2019,0,0,0,0,0,0,0,0,0,0,0,0,0,0,0,0,0,0,0,0,0,0,0,0,0,0,0,Sat Jan 19 2019,0,0,0,0,0,0,0,0,0,0,0,0,0,0,0,0,0,0,0,0,0,0,0,0,0,0,0,Sun Jan 20 2019,0,0,0,0,0,0,0,0,0,0,0,0,0,0,0,0,0,0,0,0,0,0,0,0,0,0,0,Mon Jan 21 2019,0,0,0,0,0,0,0,0,0,0,0,0,0,0,0,0,0,0,0,0,0,0,0,0,0,0,0,Tue Jan 22 2019,0,0,0,0,0,0,0,0,0,0,0,0,0,0,0,0,0,0,0,0,0,0,0,0,0,0,0,Wed Jan 23 2019,0,0,0.95,0,0,0,0,0,0,4,2,41,44,4,0,0,0,0,0,0,0,0,0,0,0,0,0,Thu Jan 24 2019,0,0,0,0,0,0,0,0,0,0,0,0,0,0,0,0,0,0,0,0,0,0,0,0,0,0,0,Fri Jan 25 2019,0,0,0,0,0,0,0,0,0,0,0,0,0,0,0,0,0,0,0,0,0,0,0,0,0,0,0,Sat Jan 26 2019,0,0,0.32,0,0,7,2,0,13.79,10,3,29,93,7,0,0,0,0,0,0,0,0,0,0,0,0,0,Sun Jan 27 2019,0,0,0,0,0,3,0,0,0,0,0,0,0,0,0,0,0,0,0,0,0,0,0,0,0,0,0,Mon Jan 28 2019,0,0,0,0,0,0,0,0,0,0,0,0,0,0,0,0,0,0,0,0,0,0,0,0,0,0,0,Tue Jan 29 2019,0,0,0,0,0,2,0,0,0,0,0,0,0,0,0,0,0,0,0,0,0,0,0,0,0,0,0,Wed Jan 30 2019,0,0,0,0,0,2,0,0,0,0,0,0,0,0,0,0,0,0,0,0,0,0,0,0,0,0,0,Thu Jan 31 2019,0,0,0,0,0,0,0,0,0,0,0,0,0,0,0,0,0,0,0,0,0,0,0,0,0,0,0,Fri Feb 01 2019,0,0,0,0,0,0,0,0,0,0,0,0,0,0,0,0,0,0,0,0,0,0,0,0,0,0,0,Sat Feb 02 2019,0,0,0.95,0,0,0,0,0,0,3,2,53,57,3,0,0,0,0,0,0,0,0,0,0,0,0,0,Sun Feb 03 2019,0,0,0,0,0,16,1,0,0,0,0,0,0,0,0,0,0,0,0,0,0,0,0,0,0,0,0,Mon Feb 04 2019,0,0,0,0,0,1,0,0,0,0,0,0,0,0,0,0,0,0,0,0,0,0,0,0,0,0,0,Tue Feb 05 2019,0,0,0,0,0,0,0,0,0,0,0,0,51,0,0,0,0,0,0,0,0,0,0,0,0,0,0,Wed Feb 06 2019,0,0,0,0,0,0,0,0,0,0,0,0,0,0,0,0,0,0,0,0,0,0,0,0,0,0,0,Thu Feb 07 2019,0,0,0,0,0,2,0,0,0,0,0,0,0,0,0,0,0,0,0,0,0,0,0,0,0,0,0,Fri Feb 08 2019,0,0,0,0,0,0,0,0,0,0,0,0,0,0,0,0,0,0,0,0,0,0,0,0,0,0,0,Sat Feb 09 2019,0,0,0,0,0,0,0,0,0,0,0,0,0,0,0,0,0,0,0,0,0,0,0,0,0,0,0,Sun Feb 10 2019,0,0,0,0,0,9,1,0,0,0,0,0,0,0,0,0,0,0,0,0,0,0,0,0,0,0,0,Mon Feb 11 2019,0,0,0,0,0,0,0,0,0,0,0,0,0,0,0,0,0,0,0,0,0,0,0,0,0,0,0,Tue Feb 12 2019,0,0,0,0,0,0,0,0,0,0,0,0,0,0,0,0,0,0,0,0,0,0,0,0,0,0,0,Wed Feb 13 2019,0,0,0,0,0,0,0,0,0,0,0,0,0,0,0,0,0,0,0,0,0,0,0,0,0,0,0,Thu Feb 14 2019,0,0,0,0,0,0,0,0,0,0,0,0,0,0,0,0,0,0,0,0,0,0,0,0,0,0,0,Fri Feb 15 2019,0,0,0,0,0,0,0,0,0,0,0,0,0,0,0,0,0,0,0,0,0,0,0,0,0,0,0,Sat Feb 16 2019,0,0,0,0,0,0,0,0,0,0,0,0,0,0,0,0,0,0,0,0,0,0,0,0,0,0,0,Sun Feb 17 2019,0,0,4.02,12,3,0,0,1,37.29,77,23,354,90,52,0,0,0,0,0,0,0,0,0,0,0,0,0,PPTMon Feb 18 2019,0,0,6.35,75,5,6,1,3,52.37,101,27,1201,191,68,0,0,0,0,0,0,0,0,0,0,0,0,0,T99Tue Feb 19 2019,0,0,2.33,16,3,0,0,0,0,1,3,49,21,1,0,0,0,0,0,0,0,0,0,0,0,0,0,Wed Feb 20 2019,0,0,2.43,24,5,1,0,2,9.92,35,11,262,109,32,0,0,0,0,0,0,0,0,0,0,0,0,0,T99Thu Feb 21 2019,0,0,0.83,3,2,2,0,1,0,4,2,34,42,4,0,0,0,0,0,0,0,0,0,0,0,0,0,Fri Feb 22 2019,0,0,0,0,0,0,0,0,0,0,0,0,0,0,0,0,0,0,0,0,0,0,0,0,0,0,0,Sat Feb 23 2019,0,0,4.51,4,3,2,1,1,0,40,11,460,103,35,0,0,0,0,0,0,0,0,0,0,0,0,0,T99Sun Feb 24 2019,0,0,1.83,39,4,19,1,2,0.21,41,6,478,264,34,0,0,0,0,0,0,0,0,0,0,0,0,0,T99Mon Feb 25 2019,0,0,0,0,0,6,0,0,0,0,0,0,0,0,0,0,0,0,0,0,0,0,0,0,0,0,0,Tue Feb 26 2019,0,0,0.31,3,2,0,0,0,0,5,4,20,64,5,0,0,0,0,0,0,0,0,0,0,0,0,0,Wed Feb 27 2019,0,0,1.27,0,0,1,0,0,0,19,4,210,166,15,0,0,0,0,0,0,0,0,0,0,0,0,0,Thu Feb 28 2019,0,0,0,0,0,0,0,0,0,0,0,0,0,0,0,0,0,0,0,0,0,0,0,0,0,0,0,Fri Mar 01 2019,0,0,0,0,0,0,0,0,0,0,0,0,0,0,0,0,0,0,0,0,0,0,0,0,0,0,0,Sat Mar 02 2019,0,0,0,0,0,0,0,0,0,0,0,0,0,0,0,0,0,0,0,0,0,0,0,0,0,0,0,Sun Mar 03 2019,0,0,0,0,0,0,0,0,0,0,0,0,0,0,0,0,0,0,0,0,0,0,0,0,0,0,0,Mon Mar 04 2019,0,0,0,0,0,6,0,0,0,0,0,0,0,0,0,0,0,0,0,0,0,0,0,0,0,0,0,Tue Mar 05 2019,0,0,0,0,0,1,0,0,0,0,0,0,0,0,0,0,0,0,0,0,0,0,0,0,0,0,0,Wed Mar 06 2019,0,0,0,0,0,0,0,0,0,0,0,0,0,0,0,0,0,0,0,0,0,0,0,0,0,0,0,Thu Mar 07 2019,0,0,0,0,0,0,0,0,0,0,0,0,0,0,0,0,0,0,0,0,0,0,0,0,0,0,0,Fri Mar 08 2019,0,0,0,0,0,0,0,0,0,0,0,0,0,0,0,0,0,0,0,0,0,0,0,0,0,0,0,Sat Mar 09 2019,0,0,0,0,0,1,0,0,0,0,0,0,0,0,0,0,0,0,0,0,0,0,0,0,0,0,0,Sun Mar 10 2019,0,0,0,0,0,2,0,0,0,0,0,0,0,0,0,0,0,0,0,0,0,0,0,0,0,0,0,Mon Mar 11 2019,0,0,2.01,14,3,0,0,0,34.98,38,6,223,112,30,0,0,0,0,0,0,0,0,0,0,0,0,0,PPTTue Mar 12 2019,0,0,2,1,1,5,1,0,0,0,2,6,3,0,0,0,0,0,0,0,0,0,0,0,0,0,0,Wed Mar 13 2019,0,0,0,0,0,3,0,0,0,0,0,0,0,0,0,0,0,0,0,0,0,0,0,0,0,0,0,Thu Mar 14 2019,0,0,0,0,0,0,0,0,0,0,0,0,0,0,0,0,0,0,0,0,0,0,0,0,0,0,0,Fri Mar 15 2019,0,0,0,0,0,0,0,0,0,0,0,0,0,0,0,0,0,0,0,0,0,0,0,0,0,0,0,Sat Mar 16 2019,0,0,0,0,0,0,0,0,0,0,0,0,0,0,0,0,0,0,0,0,0,0,0,0,0,0,0,Sun Mar 17 2019,0,0,0,0,0,0,0,0,0,0,0,0,0,0,0,0,0,0,0,0,0,0,0,0,0,0,0,Mon Mar 18 2019,0,0,0.38,1,1,0,0,0,0,7,2,29,79,6,0,0,0,0,0,0,0,0,0,0,0,0,0,Tue Mar 19 2019,0,0,0,0,0,9,2,1,0,0,0,0,0,0,0,0,0,0,0,0,0,0,0,0,0,0,0,Wed Mar 20 2019,0,0,0,0,0,1,0,1,0,0,0,0,0,0,0,0,0,0,0,0,0,0,0,0,0,0,0,Thu Mar 21 2019,0,0,0,0,0,0,0,0,0,0,0,0,0,0,0,0,0,0,0,0,0,0,0,0,0,0,0,Fri Mar 22 2019,0,0,0,0,0,0,0,0,0,0,0,0,0,0,0,0,0,0,0,0,0,0,0,0,0,0,0,Sat Mar 23 2019,0,0,0,0,0,0,0,0,0,0,0,0,0,0,0,0,0,0,0,0,0,0,0,0,0,0,0,Sun Mar 24 2019,0,0,0,0,0,0,0,0,0,0,0,0,0,0,0,0,0,0,0,0,0,0,0,0,0,0,0,Mon Mar 25 2019,0,0,0,0,0,0,0,0,0,0,0,0,0,0,0,0,0,0,0,0,0,0,0,0,0,0,0,Tue Mar 26 2019,0,0,0,0,0,0,0,0,0,0,0,0,0,0,0,0,0,0,0,0,0,0,0,0,0,0,0,Wed Mar 27 2019,0,0,0,0,0,0,0,0,0,0,0,0,0,0,0,0,0,0,0,0,0,0,0,0,0,0,0,Thu Mar 28 2019,0,0,0,0,0,0,0,0,0,0,0,0,0,0,0,0,0,0,0,0,0,0,0,0,0,0,0,Fri Mar 29 2019,0,0,0,0,0,0,0,0,0,0,0,0,0,0,0,0,0,0,0,0,0,0,0,0,0,0,0,Sat Mar 30 2019,0,0,0,0,0,1,0,1,0,0,0,0,0,0,0,0,0,0,0,0,0,0,0,0,0,0,0,Sun Mar 31 2019,0,0,0,0,0,0,0,0,0,0,0,0,0,0,0,0,0,0,0,0,0,0,0,0,0,0,0,Mon Apr 01 2019,0,0,0,0,0,0,0,0,0,0,0,0,0,0,0,0,0,0,0,0,0,0,0,0,0,0,0,Tue Apr 02 2019,0,0,0,0,0,0,0,0,0,0,0,0,0,0,0,0,0,0,0,0,0,0,0,0,0,0,0,Wed Apr 03 2019,0,0,0,0,0,0,0,0,0,0,0,0,0,0,0,0,0,0,0,0,0,0,0,0,0,0,0,Thu Apr 04 2019,0,0,0,0,0,0,0,0,0,0,0,0,0,0,0,0,0,0,0,0,0,0,0,0,0,0,0,Fri Apr 05 2019,0,0,0,0,0,0,0,0,0,0,0,0,0,0,0,0,0,0,0,0,0,0,0,0,0,0,0,Sat Apr 06 2019,0,0,0,0,0,0,0,0,0,0,0,0,0,0,0,0,0,0,0,0,0,0,0,0,0,0,0,Sun Apr 07 2019,0,0,0,0,0,0,0,0,0,0,0,0,0,0,0,0,0,0,0,0,0,0,0,0,0,0,0,Mon Apr 08 2019,0,0,0,0,0,0,0,0,0,0,0,0,0,0,0,0,0,0,0,0,0,0,0,0,0,0,0,Tue Apr 09 2019,0,0,2.37,19,5,0,0,1,12.07,25,12,232,99,19,0,0,0,0,0,0,0,0,0,0,0,0,0,PPTWed Apr 10 2019,0,0,0,0,0,0,0,0,0,0,0,0,0,0,0,0,0,0,0,0,0,0,0,0,0,0,0,Thu Apr 11 2019,0,0,0,0,0,0,0,0,0,0,0,0,0,0,0,0,0,0,0,0,0,0,0,0,0,0,0,Fri Apr 12 2019,0,0,0,0,0,0,0,0,0,0,0,0,0,0,0,0,0,0,0,0,0,0,0,0,0,0,0,Sat Apr 13 2019,0,0,2.67,10,4,0,0,1,61.49,37,6,457,176,24,0,0,0,0,0,0,0,0,0,0,0,0,0,Sun Apr 14 2019,0,0,0,0,0,0,0,0,0,0,0,0,0,0,0,0,0,0,0,0,0,0,0,0,0,0,0,Mon Apr 15 2019,0,0,0,0,0,0,0,0,0,0,0,0,0,0,0,0,0,0,0,0,0,0,0,0,0,0,0,Tue Apr 16 2019,0,0,0,0,0,0,0,0,0,0,0,0,0,0,0,0,0,0,0,0,0,0,0,0,0,0,0,Wed Apr 17 2019,0,0,0,0,0,0,0,1,0,0,0,0,0,0,0,0,0,0,0,0,0,0,0,0,0,0,0,Thu Apr 18 2019,0,0,0,0,0,0,0,0,0,0,0,0,0,0,0,0,0,0,0,0,0,0,0,0,0,0,0,Fri Apr 19 2019,0,0,0,0,0,0,0,0,0,0,0,0,0,0,0,0,0,0,0,0,0,0,0,0,0,0,0,Sat Apr 20 2019,0,0,0,0,0,0,0,0,0,0,0,0,0,0,0,0,0,0,0,0,0,0,0,0,0,0,0,Sun Apr 21 2019,0,0,0,0,0,0,0,0,0,0,0,0,0,0,0,0,0,0,0,0,0,0,0,0,0,0,0,Mon Apr 22 2019,0,0,0,0,0,0,0,0,0,0,0,0,0,0,0,0,0,0,0,0,0,0,0,0,0,0,0,Tue Apr 23 2019,0,0,0,0,0,0,0,0,0,0,0,0,0,0,0,0,0,0,0,0,0,0,0,0,0,0,0,Wed Apr 24 2019,0,0,0,0,0,0,0,0,0,0,0,0,0,0,0,0,0,0,0,0,0,0,0,0,0,0,0,Thu Apr 25 2019,0,0,0,0,0,0,0,0,0,0,0,0,0,0,0,0,0,0,0,0,0,0,0,0,0,0,0,Fri Apr 26 2019,0,0,0,0,0,0,0,0,0,0,0,0,0,0,0,0,0,0,0,0,0,0,0,0,0,0,0,Sat Apr 27 2019,0,0,0,0,0,0,0,0,0,0,0,0,0,0,0,0,0,0,0,0,0,0,0,0,0,0,0,Sun Apr 28 2019,0,0,0,0,0,0,0,0,0,0,0,0,0,0,0,0,0,0,0,0,0,0,0,0,0,0,0,Mon Apr 29 2019,0,0,0,0,0,0,0,0,0,0,0,0,0,0,0,0,0,0,0,0,0,0,0,0,0,0,0,Tue Apr 30 2019,0,0,0,0,0,0,0,0,0,0,0,0,0,0,0,0,0,0,0,0,0,0,0,0,0,0,0,Wed May 01 2019,0,0,0,0,0,0,0,0,0,0,0,0,0,0,0,0,0,0,0,0,0,0,0,0,0,0,0,Thu May 02 2019,0,0,0,0,0,0,0,0,0,0,0,0,0,0,0,0,0,0,0,0,0,0,0,0,0,0,0,Fri May 03 2019,0,0,0,0,0,0,0,0,0,0,0,0,0,0,0,0,0,0,0,0,0,0,0,0,0,0,0,Sat May 04 2019,0,0,0,0,0,0,0,0,0,0,0,0,0,0,0,0,0,0,0,0,0,0,0,0,0,0,0,Sun May 05 2019,0,0,0,0,0,0,0,0,0,0,0,0,0,0,0,0,0,0,0,0,0,0,0,0,0,0,0,Mon May 06 2019,0,0,0,0,0,0,0,0,0,0,0,0,0,0,0,0,0,0,0,0,0,0,0,0,0,0,0,Tue May 07 2019,0,0,0,0,0,0,0,0,0,0,0,0,0,0,0,0,0,0,0,0,0,0,0,0,0,0,0,Wed May 08 2019,0,0,0,0,0,0,0,0,0,0,0,0,0,0,0,0,0,0,0,0,0,0,0,0,0,0,0,Thu May 09 2019,0,0,0,0,0,0,0,0,0,0,0,0,0,0,0,0,0,0,0,0,0,0,0,0,0,0,0,Fri May 10 2019,0,0,0,0,0,0,0,0,0,0,0,0,0,0,0,0,0,0,0,0,0,0,0,0,0,0,0,Sat May 11 2019,0,0,0,0,0,0,0,0,0,0,0,0,0,0,0,0,0,0,0,0,0,0,0,0,0,0,0,Sun May 12 2019,0,0,1.54,5,3,0,0,1,0,15,4,80,52,11,0,0,0,0,0,0,0,0,0,0,0,0,0,Mon May 13 2019,0,0,0,0,0,0,0,0,0,0,0,0,0,0,0,0,0,0,0,0,0,0,0,0,0,0,0,Tue May 14 2019,0,0,0,0,0,0,0,0,0,0,0,0,0,0,0,0,0,0,0,0,0,0,0,0,0,0,0,Wed May 15 2019,0,0,0,0,0,0,0,0,0,0,0,0,0,0,0,0,0,0,0,0,0,0,0,0,0,0,0,Thu May 16 2019,0,0,0,0,0,0,0,0,0,0,0,0,0,0,0,0,0,0,0,0,0,0,0,0,0,0,0,Fri May 17 2019,0,0,0,0,0,0,0,0,0,0,0,0,0,0,0,0,0,0,0,0,0,0,0,0,0,0,0,Sat May 18 2019,0,0,0,0,0,0,0,0,0,0,0,0,0,0,0,0,0,0,0,0,0,0,0,0,0,0,0,Sun May 19 2019,0,0,0,0,0,0,0,0,0,0,0,0,0,0,0,0,0,0,0,0,0,0,0,0,0,0,0,Mon May 20 2019,0,0,0,0,0,0,0,0,0,0,0,0,0,0,0,0,0,0,0,0,0,0,0,0,0,0,0,Tue May 21 2019,0,0,0,0,0,0,0,0,0,0,0,0,0,0,0,0,0,0,0,0,0,0,0,0,0,0,0,Wed May 22 2019,0,0,0,0,0,0,0,0,0,0,0,0,0,0,0,0,0,0,0,0,0,0,0,0,0,0,0,Thu May 23 2019,0,0,0.88,7,4,0,0,0,47.44,14,5,78,89,12,0,0,0,0,0,0,0,0,0,0,0,0,0,PPTFri May 24 2019,0,0,0,0,0,0,0,0,0,0,0,0,0,0,0,0,0,0,0,0,0,0,0,0,0,0,0,Sat May 25 2019,0,0,0,0,0,0,0,0,0,0,0,0,0,0,0,0,0,0,0,0,0,0,0,0,0,0,0,Sun May 26 2019,0,0,0,0,0,0,0,0,0,0,0,0,0,0,0,0,0,0,0,0,0,0,0,0,0,0,0,Mon May 27 2019,0,0,0,0,0,0,0,0,0,0,0,0,0,0,0,0,0,0,0,0,0,0,0,0,0,0,0,Tue May 28 2019,0,0,0,0,0,0,0,0,0,0,0,0,0,0,0,0,0,0,0,0,0,0,0,0,0,0,0,Wed May 29 2019,0,0,0,0,0,0,0,0,0,0,0,0,0,0,0,0,0,0,0,0,0,0,0,0,0,0,0,Thu May 30 2019,0,0,0,0,0,0,0,0,0,0,0,0,0,0,0,0,0,0,0,0,0,0,0,0,0,0,0,Fri May 31 2019,0,0,0,0,0,0,0,0,0,0,0,0,0,0,0,0,0,0,0,0,0,0,0,0,0,0,0,Sat Jun 01 2019,0,0,0,0,0,0,0,0,0,0,0,0,0,0,0,0,0,0,0,0,0,0,0,0,0,0,0,Sun Jun 02 2019,0,0,0,0,0,0,0,0,0,0,0,0,0,0,0,0,0,0,0,0,0,0,0,0,0,0,0,Mon Jun 03 2019,0,0,0,0,0,0,0,0,0,0,0,0,0,0,0,0,0,0,0,0,0,0,0,0,0,0,0,Tue Jun 04 2019,0,0,0,0,0,0,0,0,0,0,0,0,0,0,0,0,0,0,0,0,0,0,0,0,0,0,0,Wed Jun 05 2019,0,0,0,0,0,0,0,0,0,0,0,0,0,0,0,0,0,0,0,0,0,0,0,0,0,0,0,Thu Jun 06 2019,0,0,0,0,0,0,0,0,0,0,0,0,0,0,0,0,0,0,0,0,0,0,0,0,0,0,0,Fri Jun 07 2019,0,0,0,0,0,0,0,0,0,0,0,0,0,0,0,0,0,0,0,0,0,0,0,0,0,0,0,Sat Jun 08 2019,0,0,0,0,0,0,0,0,0,0,0,0,0,0,0,0,0,0,0,0,0,0,0,0,0,0,0,Sun Jun 09 2019,0,0,0,0,0,0,0,0,0,0,0,0,0,0,0,0,0,0,0,0,0,0,0,0,0,0,0,Mon Jun 10 2019,0,0,0,0,0,0,0,0,0,0,0,0,0,0,0,0,0,0,0,0,0,0,0,0,0,0,0,Tue Jun 11 2019,0,0,0,0,0,0,0,0,0,0,0,0,0,0,0,0,0,0,0,0,0,0,0,0,0,0,0,Wed Jun 12 2019,0,0,0,0,0,0,0,0,0,0,0,0,0,0,0,0,0,0,0,0,0,0,0,0,0,0,0,Thu Jun 13 2019,0,0,0,0,0,0,0,0,0,0,0,0,0,0,0,0,0,0,0,0,0,0,0,0,0,0,0,Fri Jun 14 2019,0,0,0,0,0,0,0,0,0,0,0,0,0,0,0,0,0,0,0,0,0,0,0,0,0,0,0,Sat Jun 15 2019,0,0,0,0,0,0,0,0,0,0,0,0,0,0,0,0,0,0,0,0,0,0,0,0,0,0,0,Sun Jun 16 2019,0,0,0,0,0,0,0,0,0,0,0,0,0,0,0,0,0,0,0,0,0,0,0,0,0,0,0,Mon Jun 17 2019,0,0,0,0,0,0,0,0,0,0,0,0,0,0,0,0,0,0,0,0,0,0,0,0,0,0,0,Tue Jun 18 2019,0,0,0,0,0,0,0,0,0,0,0,0,0,0,0,0,0,0,0,0,0,0,0,0,0,0,0,Wed Jun 19 2019,0,0,0.32,8,1,0,0,0,0,3,2,15,51,3,0,0,0,0,0,0,0,0,0,0,0,0,0,Thu Jun 20 2019,0,0,1.19,37,2,0,0,0,70.45,5,3,44,37,5,0,0,0,0,0,0,0,0,0,0,0,0,0,Fri Jun 21 2019,0,0,0,0,0,0,0,0,0,0,0,0,0,0,0,0,0,0,0,0,0,0,0,0,0,0,0,Sat Jun 22 2019,0,0,1.53,20,4,1,0,0,63.96,17,4,197,129,13,0,0,0,0,0,0,0,0,0,0,0,0,0,Sun Jun 23 2019,0,0,0,0,0,0,0,0,0,0,0,0,0,0,0,0,0,0,0,0,0,0,0,0,0,0,0,Mon Jun 24 2019,0,0,0,0,0,0,0,0,0,0,0,0,0,0,0,0,0,0,0,0,0,0,0,0,0,0,0,Tue Jun 25 2019,0,0,0,1,1,0,0,0,0,0,0,0,0,0,0,0,0,0,0,0,0,0,0,0,0,0,0,Wed Jun 26 2019,0,0,0,0,0,0,0,0,0,0,0,0,0,0,0,0,0,0,0,0,0,0,0,0,0,0,0,Thu Jun 27 2019,0,0,0,0,0,0,0,0,0,0,0,0,0,0,0,0,0,0,0,0,0,0,0,0,0,0,0,Fri Jun 28 2019,0,0,0.77,138,2,0,0,1,9.17,15,3,120,156,10,0,0,0,0,0,0,0,0,0,0,0,0,0,Sat Jun 29 2019,0,0,0,0,0,0,0,0,0,0,0,0,0,0,0,0,0,0,0,0,0,0,0,0,0,0,0,Sun Jun 30 2019,0,0,0,0,0,0,0,0,0,0,0,0,0,0,0,0,0,0,0,0,0,0,0,0,0,0,0,Mon Jul 01 2019,0,0,0,0,0,0,0,0,0,0,0,0,0,0,0,0,0,0,0,0,0,0,0,0,0,0,0,Tue Jul 02 2019,0,0,0,25,2,0,0,0,0,0,0,0,0,0,0,0,0,0,0,0,0,0,0,0,0,0,0,Wed Jul 03 2019,0,0,0,0,0,0,0,0,0,0,0,0,0,0,0,0,0,0,0,0,0,0,0,0,0,0,0,Thu Jul 04 2019,0,0,0,0,0,0,0,0,0,0,0,0,0,0,0,0,0,0,0,0,0,0,0,0,0,0,0,Fri Jul 05 2019,0,0,0,0,0,0,0,0,0,0,0,0,0,0,0,0,0,0,0,0,0,0,0,0,0,0,0,Sat Jul 06 2019,0,0,0,0,0,0,0,0,0,0,0,0,0,0,0,0,0,0,0,0,0,0,0,0,0,0,0,Sun Jul 07 2019,0,0,0,0,0,0,0,0,0,0,0,0,0,0,0,0,0,0,0,0,0,0,0,0,0,0,0,Mon Jul 08 2019,0,0,0.03,3,2,0,0,0,0,0,1,1,33,0,0,0,0,0,0,0,0,0,0,0,0,0,0,Tue Jul 09 2019,0,0,1.5,85,9,0,0,5,1.63,24,5,184,126,16,0,0,0,0,0,0,0,0,0,0,0,0,0,Wed Jul 10 2019,0,0,1.95,73,6,1,3,1,18.97,30,4,195,100,16,0,0,0,0,0,0,0,0,0,0,0,0,0,Thu Jul 11 2019,0,0,2.88,29,7,0,0,4,42.04,46,11,421,148,35,0,0,0,0,0,0,0,0,0,0,0,0,0,PPT - SMM2Fri Jul 12 2019,0,0,1,4,3,0,0,1,0,3,2,22,22,1,0,0,0,0,0,0,0,0,0,0,0,0,0,Sat Jul 13 2019,0,0,2.12,194,16,0,0,7,0.23,52,14,443,209,32,0,0,0,0,0,0,0,0,0,0,0,0,0,SMM2Sun Jul 14 2019,0,0,0,10,2,0,0,0,0,0,0,0,0,0,0,0,0,0,0,0,0,0,0,0,0,0,0,Mon Jul 15 2019,0,0,2.55,118,9,1,0,2,0.71,42,7,560,222,35,0,0,0,0,0,0,0,0,0,0,0,0,0,SMM2Tue Jul 16 2019,0,0,0,0,0,0,0,0,0,0,0,0,0,0,0,0,0,0,0,0,0,0,0,0,0,0,0,Wed Jul 17 2019,0,0,3.25,89,6,3,1,1,0,13,6,328,103,12,0,0,0,0,0,0,0,0,0,0,0,0,0,SMM2Thu Jul 18 2019,0,0,1.99,122,13,1,0,2,25.26,30,10,289,147,21,0,0,0,0,0,0,0,0,0,0,0,0,0,SMM2Fri Jul 19 2019,0,0,2.33,8,4,0,0,1,0,0,3,7,3,0,0,0,0,0,0,0,0,0,0,0,0,0,0,Sat Jul 20 2019,0,0,0,0,0,0,0,0,0,0,0,0,0,0,0,0,0,0,0,0,0,0,0,0,0,0,0,Sun Jul 21 2019,0,0,2.71,133,12,0,0,3,0,41,6,604,223,27,0,0,0,0,0,0,0,0,0,0,0,0,0,Mon Jul 22 2019,0,0,0,0,0,0,0,0,0,0,0,0,0,0,0,0,0,0,0,0,0,0,0,0,0,0,0,Tue Jul 23 2019,0,0,0,0,0,0,0,0,0,0,0,0,0,0,0,0,0,0,0,0,0,0,0,0,0,0,0,Wed Jul 24 2019,0,0,4.15,381,15,4,2,7,19.78,78,9,1249,302,47,0,0,0,0,0,0,0,0,0,0,0,0,0,SMM2Thu Jul 25 2019,0,0,3.52,62,5,6,0,0,28.44,7,5,109,32,5,0,0,0,0,0,0,0,0,0,0,0,0,0,Fri Jul 26 2019,0,0,0,0,0,0,0,0,0,0,0,0,0,0,0,0,0,0,0,0,0,0,0,0,0,0,0,Sat Jul 27 2019,0,0,2.32,115,12,5,4,3,0.58,41,8,513,224,26,0,0,0,0,0,0,0,0,0,0,0,0,0,SMM2Sun Jul 28 2019,0,0,0,0,0,3,0,0,0,0,0,0,0,0,0,0,0,0,0,0,0,0,0,0,0,0,0,Mon Jul 29 2019,0,0,0,0,0,1,0,0,0,0,0,0,0,0,0,0,0,0,0,0,0,0,0,0,0,0,0,Tue Jul 30 2019,0,0,3.79,216,14,0,0,2,23.31,60,7,978,259,31,0,0,0,0,0,0,0,0,0,0,0,0,0,SMM2Wed Jul 31 2019,0,0,0,0,0,1,1,0,0,0,0,0,0,0,0,0,0,0,0,0,0,0,0,0,0,0,0,Thu Aug 01 2019,0,0,0,0,0,0,0,0,0,0,0,0,0,0,0,0,0,0,0,0,0,0,0,0,0,0,0,Fri Aug 02 2019,0,0,0,0,0,1,0,0,0,0,0,0,0,0,0,0,0,0,0,0,0,0,0,0,0,0,0,Sat Aug 03 2019,0,0,0,0,0,0,0,0,0,0,0,0,0,0,0,0,0,0,0,0,0,0,0,0,0,0,0,Sun Aug 04 2019,0,0,0,0,0,0,0,0,0,0,0,0,0,0,0,0,0,0,0,0,0,0,0,0,0,0,0,Mon Aug 05 2019,0,0,0,0,0,0,0,0,0,0,0,0,0,0,0,0,0,0,0,0,0,0,0,0,0,0,0,Tue Aug 06 2019,0,0,0,0,0,0,0,0,0,0,0,0,0,0,0,0,0,0,0,0,0,0,0,0,0,0,0,Wed Aug 07 2019,0,0,0,0,0,0,0,0,0,0,0,0,0,0,0,0,0,0,0,0,0,0,0,0,0,0,0,Thu Aug 08 2019,0,0,0,0,0,4,0,0,0,0,0,0,0,0,0,0,0,0,0,0,0,0,0,0,0,0,0,Fri Aug 09 2019,0,0,0,0,0,0,0,0,0,0,0,0,0,0,0,0,0,0,0,0,0,0,0,0,0,0,0,Sat Aug 10 2019,0,0,0,0,0,0,0,0,0,0,0,0,0,0,0,0,0,0,0,0,0,0,0,0,0,0,0,Sun Aug 11 2019,0,0,0,0,0,0,0,0,0,0,0,0,0,0,0,0,0,0,0,0,0,0,0,0,0,0,0,Mon Aug 12 2019,0,0,0,0,0,0,0,0,0,0,0,0,0,0,0,0,0,0,0,0,0,0,0,0,0,0,0,Tue Aug 13 2019,0,0,0,0,0,0,0,0,0,0,0,0,0,0,0,0,0,0,0,0,0,0,0,0,0,0,0,Wed Aug 14 2019,0,0,0,0,0,0,0,0,0,0,0,0,0,0,0,0,0,0,0,0,0,0,0,0,0,0,0,Thu Aug 15 2019,0,0,0,0,0,0,0,0,0,0,0,0,0,0,0,0,0,0,0,0,0,0,0,0,0,0,0,Fri Aug 16 2019,0,0,0,0,0,0,0,0,0,0,0,0,0,0,0,0,0,0,0,0,0,0,0,0,0,0,0,Sat Aug 17 2019,0,0,0,0,0,0,0,0,0,0,0,0,0,0,0,0,0,0,0,0,0,0,0,0,0,0,0,Sun Aug 18 2019,0,0,0,0,0,2,0,0,0,0,0,0,0,0,0,0,0,0,0,0,0,0,0,0,0,0,0,Mon Aug 19 2019,0,0,0,0,0,0,0,0,0,0,0,0,0,0,0,0,0,0,0,0,0,0,0,0,0,0,0,Tue Aug 20 2019,0,0,0,0,0,0,0,0,0,0,0,0,0,0,0,0,0,0,0,0,0,0,0,0,0,0,0,Wed Aug 21 2019,0,0,4,116,11,1,2,3,5.48,50,9,584,146,26,0,0,0,0.1,0,0,0,0,0,0,0,0,0,SMM2Thu Aug 22 2019,0,0,0,0,0,3,0,1,0,0,0,0,0,0,0,0,0,0,0,0,0,0,0,0,0,0,0,Fri Aug 23 2019,0,0,0,0,0,0,0,0,0,0,0,0,0,0,0,0,0,0,0,0,0,0,0,0,0,0,0,Sat Aug 24 2019,0,0,0,0,0,0,0,0,0,0,0,0,0,0,0,0,0,0,0,0,0,0,0,0,0,0,0,Sun Aug 25 2019,0,0,0,0,0,0,0,0,0,0,0,0,0,0,0,0,0,0,0,0,0,0,0,0,0,0,0,Mon Aug 26 2019,0,0,1.11,44,1,1,0,0,2.15,14,3,186,169,8,0,0,0,0.01,0,0,0,0,0,0,0,0,0,Tue Aug 27 2019,0,0,0,0,0,0,0,0,0,0,0,0,0,0,0,0,0,0,0,0,0,0,0,0,0,0,0,Wed Aug 28 2019,0,0,0,0,0,1,0,0,0,0,0,0,0,0,0,0,0,0,0,0,0,0,0,0,0,0,0,Thu Aug 29 2019,0,0,0,0,0,0,0,0,0,0,0,0,0,0,0,0,0,0,0,0,0,0,0,0,0,0,0,Fri Aug 30 2019,0,0,0,0,0,0,0,0,0,0,0,0,0,0,0,0,0,0,0,0,0,0,0,0,0,0,0,Sat Aug 31 2019,0,0,0,0,0,0,0,0,0,0,0,0,0,0,0,0,0,0,0,0,0,0,0,0,0,0,0,Sun Sep 01 2019,0,0,0,0,0,0,0,1,0,0,0,0,0,0,0,0,0,0,0,0,0,0,0,0,0,0,0,Mon Sep 02 2019,0,0,0,0,0,0,0,0,0,0,0,0,0,0,0,0,0,0,0,0,0,0,0,0,0,0,0,Tue Sep 03 2019,0,0,0,0,0,0,0,0,0,0,0,0,0,0,0,0,0,0,0,0,0,0,0,0,0,0,0,Wed Sep 04 2019,0,0,0,0,0,0,0,0,0,0,0,0,0,0,0,0,0,0,0,0,0,0,0,0,0,0,0,Thu Sep 05 2019,0,0,0,0,0,0,0,0,0,0,0,0,0,0,0,0,0,0,0,0,0,0,0,0,0,0,0,Fri Sep 06 2019,0,0,0,0,0,0,0,0,0,0,0,0,0,0,0,0,0,0,0,0,0,0,0,0,0,0,0,Sat Sep 07 2019,0,0,0,0,0,0,0,0,0,0,0,0,0,0,0,0,0,0,0,0,0,0,0,0,0,0,0,Sun Sep 08 2019,0,0,0,0,0,0,0,0,0,0,0,0,0,0,0,0,0,0,0,0,0,0,0,0,0,0,0,Mon Sep 09 2019,0,0,0,0,0,1,0,0,0,0,0,0,0,0,0,0,0,0,0,0,0,0,0,0,0,0,0,Tue Sep 10 2019,0,0,0,0,0,0,0,0,0,0,0,0,0,0,0,0,0,0,0,0,0,0,0,0,0,0,0,Wed Sep 11 2019,0,0,0,0,0,0,0,0,0,0,0,0,0,0,0,0,0,0,0,0,0,0,0,0,0,0,0,Thu Sep 12 2019,0,0,0,0,0,0,0,0,0,0,0,0,0,0,0,0,0,0,0,0,0,0,0,0,0,0,0,Fri Sep 13 2019,0,0,0,0,0,0,0,0,0,0,0,0,0,0,0,0,0,0,0,0,0,0,0,0,0,0,0,Sat Sep 14 2019,0,0,0,0,0,0,0,0,0,0,0,0,0,0,0,0,0,0,0,0,0,0,0,0,0,0,0,Sun Sep 15 2019,0,0,0.06,0,0,0,0,0,0,1,2,4,72,1,0,0,0,0,0,0,0,0,0,0,0,0,0,Mon Sep 16 2019,0,0,0,0,0,0,0,0,0,0,0,0,0,0,0,0,0,0,0,0,0,0,0,0,0,0,0,Tue Sep 17 2019,0,0,0,0,0,0,0,0,0,0,0,0,0,0,0,0,0,0,0,0,0,0,0,0,0,0,0,Wed Sep 18 2019,0,0,0,0,0,0,0,0,0,0,0,0,0,0,0,0,0,0,0,0,0,0,0,0,0,0,0,Thu Sep 19 2019,0,0,0,0,0,0,0,0,0,0,0,0,0,0,0,0,0,0,0,0,0,0,0,0,0,0,0,Fri Sep 20 2019,0,0,0,0,0,0,0,0,0,0,0,0,0,0,0,0,0,0,0,0,0,0,0,0,0,0,0,Sat Sep 21 2019,0,0,0,0,0,0,0,0,0,0,0,0,0,0,0,0,0,0,0,0,0,0,0,0,0,0,0,Sun Sep 22 2019,0,0,0,0,0,1,0,0,0,0,0,0,0,0,0,0,0,0,0,0,0,0,0,0,0,0,0,Mon Sep 23 2019,0,0,0,0,0,0,0,0,0,0,0,0,0,0,0,0,0,0,0,0,0,0,0,0,0,0,0,Tue Sep 24 2019,0,0,0,0,0,0,0,0,0,0,0,0,0,0,0,0,0,0,0,0,0,0,0,0,0,0,0,Wed Sep 25 2019,0,0,0,0,0,0,0,0,0,0,0,0,0,0,0,0,0,0,0,0,0,0,0,0,0,0,0,Thu Sep 26 2019,0,0,0,0,0,0,0,0,0,0,0,0,0,0,0,0,0,0,0,0,0,0,0,0,0,0,0,Fri Sep 27 2019,0,0,0,0,0,0,0,0,0,0,0,0,0,0,0,0,0,0,0,0,0,0,0,0,0,0,0,Sat Sep 28 2019,0,0,0,0,0,0,0,0,0,0,0,0,0,0,0,0,0,0,0,0,0,0,0,0,0,0,0,Sun Sep 29 2019,0,0,0,0,0,0,0,0,0,0,0,0,0,0,0,0,0,0,0,0,0,0,0,0,0,0,0,Mon Sep 30 2019,0,0,0,0,0,0,0,0,0,0,0,0,0,0,0,0,0,0,0,0,0,0,0,0,0,0,0,Tue Oct 01 2019,0,0,0,0,0,0,0,0,0,0,0,0,0,0,0,0,0,0,0,0,0,0,0,0,0,0,0,Wed Oct 02 2019,0,0,0,0,0,0,0,0,0,0,0,0,0,0,0,0,0,0,0,0,0,0,0,0,0,0,0,Thu Oct 03 2019,0,0,0,0,0,0,0,0,0,0,0,0,0,0,0,0,0,0,0,0,0,0,0,0,0,0,0,Fri Oct 04 2019,0,0,0,0,0,0,0,0,0,0,0,0,0,0,0,0,0,0,0,0,0,0,0,0,0,0,0,Sat Oct 05 2019,0,0,0,0,0,0,0,0,0,0,0,0,0,0,0,0,0,0,0,0,0,0,0,0,0,0,0,Sun Oct 06 2019,0,0,0,0,0,0,0,0,0,0,0,0,0,0,0,0,0,0,0,0,0,0,0,0,0,0,0,Mon Oct 07 2019,0,0,0,0,0,0,0,0,0,0,0,0,0,0,0,0,0,0,0,0,0,0,0,0,0,0,0,Tue Oct 08 2019,0,0,0,0,0,0,0,0,0,0,0,0,0,0,0,0,0,0,0,0,0,0,0,0,0,0,0,Wed Oct 09 2019,0,0,0,0,0,0,0,0,0,0,0,0,0,0,0,0,0,0,0,0,0,0,0,0,0,0,0,Thu Oct 10 2019,0,0,0,0,0,0,0,0,0,0,0,0,0,0,0,0,0,0,0,0,0,0,0,0,0,0,0,Fri Oct 11 2019,0,0,0,0,0,0,0,0,0,0,0,0,0,0,0,0,0,0,0,0,0,0,0,0,0,0,0,Sat Oct 12 2019,0,0,0,0,0,0,0,0,0,0,0,0,0,0,0,0,0,0,0,0,0,0,0,0,0,0,0,Sun Oct 13 2019,0,0,0,0,0,0,0,0,0,0,0,0,0,0,0,0,0,0,0,0,0,0,0,0,0,0,0,Mon Oct 14 2019,0,0,0,0,0,0,0,0,0,0,0,0,0,0,0,0,0,0,0,0,0,0,0,0,0,0,0,Tue Oct 15 2019,0,0,0,0,0,0,0,0,0,0,0,0,0,0,0,0,0,0,0,0,0,0,0,0,0,0,0,Wed Oct 16 2019,0,0,0,0,0,0,0,0,0,0,0,0,0,0,0,0,0,0,0,0,0,0,0,0,0,0,0,Thu Oct 17 2019,0,0,0,0,0,0,0,0,0,0,0,0,0,0,0,0,0,0,0,0,0,0,0,0,0,0,0,Fri Oct 18 2019,0,0,0,0,0,0,0,0,0,0,0,0,0,0,0,0,0,0,0,0,0,0,0,0,0,0,0,Sat Oct 19 2019,0,0,0,0,0,0,0,0,0,0,0,0,0,0,0,0,0,0,0,0,0,0,0,0,0,0,0,Sun Oct 20 2019,0,0,0,0,0,0,0,0,0,0,0,0,0,0,0,0,0,0,0,0,0,0,0,0,0,0,0,Mon Oct 21 2019,0,0,0,0,0,0,0,0,0,0,0,0,0,0,0,0,0,0,0,0,0,0,0,0,0,0,0,Tue Oct 22 2019,0,0,0,0,0,0,0,0,0,0,0,0,0,0,0,0,0,0,0,0,0,0,0,0,0,0,0,Wed Oct 23 2019,0,0,0,0,0,0,0,0,0,0,0,0,0,0,0,0,0,0,0,0,0,0,0,0,0,0,0,Thu Oct 24 2019,0,0,0,0,0,0,0,0,0,0,0,0,0,0,0,0,0,0,0,0,0,0,0,0,0,0,0,Fri Oct 25 2019,0,0,0,0,0,0,0,0,0,0,0,0,0,0,0,0,0,0,0,0,0,0,0,0,0,0,0,Sat Oct 26 2019,0,0,0,0,0,0,0,0,0,0,0,0,0,0,0,0,0,0,0,0,0,0,0,0,0,0,0,Sun Oct 27 2019,0,0,0,0,0,0,0,0,0,0,0,0,0,0,0,0,0,0,0,0,0,0,0,0,0,0,0,Mon Oct 28 2019,0,0,0,0,0,0,0,0,0,0,0,0,0,0,0,0,0,0,0,0,0,0,0,0,0,0,0,Tue Oct 29 2019,0,0,0,0,0,0,0,0,0,0,0,0,0,0,0,0,0,0,0,0,0,0,0,0,0,0,0,Wed Oct 30 2019,0,0,0,0,0,0,0,0,0,0,0,0,0,0,0,0,0,0,0,0,0,0,0,0,0,0,0,Thu Oct 31 2019,0,0,0,0,0,0,0,0,0,0,0,0,0,0,0,0,0,0,0,0,0,0,0,0,0,0,0,Fri Nov 01 2019,0,0,0,0,0,0,0,0,0,0,0,0,0,0,0,0,0,0,0,0,0,0,0,0,0,0,0,Sat Nov 02 2019,0,0,0,2,1,0,0,0,0,0,0,0,0,0,0,0,0,0,0,0,0,0,0,0,0,0,0,Sun Nov 03 2019,0,0,0,0,0,0,0,0,0,0,0,0,0,0,0,0,0,0,0,0,0,0,0,0,0,0,0,Mon Nov 04 2019,0,0,0,0,0,0,0,0,0,0,0,0,0,0,0,0,0,0,0,0,0,0,0,0,0,0,0,Tue Nov 05 2019,0,0,0,0,0,0,0,0,0,0,0,0,0,0,0,0,0,0,0,0,0,0,0,0,0,0,0,Wed Nov 06 2019,0,0,0,1,1,0,0,0,0,0,0,0,0,0,0,0,0,0,0,0,0,0,0,0,0,0,0,Thu Nov 07 2019,0,0,0,0,0,0,0,0,0,0,0,0,0,0,0,0,0,0,0,0,0,0,0,0,0,0,0,Fri Nov 08 2019,0,0,0,0,0,0,0,0,0,0,0,0,0,0,0,0,0,0,0,0,0,0,0,0,0,0,0,Sat Nov 09 2019,0,0,0,0,0,0,0,0,0,0,0,0,0,0,0,0,0,0,0,0,0,0,0,0,0,0,0,Sun Nov 10 2019,0,0,0,0,0,0,0,0,0,0,0,0,0,0,0,0,0,0,0,0,0,0,0,0,0,0,0,Mon Nov 11 2019,0,0,0,0,0,0,0,0,0,0,0,0,0,0,0,0,0,0,0,0,0,0,0,0,0,0,0,Tue Nov 12 2019,0,0,0,0,0,0,0,0,0,0,0,0,0,0,0,0,0,0,0,0,0,0,0,0,0,0,0,Wed Nov 13 2019,0,0,0,0,0,0,0,0,0,0,0,0,0,0,0,0,0,0,0,0,0,0,0,0,0,0,0,Thu Nov 14 2019,0,0,1.55,52,4,0,0,2,0,19,5,226,147,9,0,0,0,0,0.0105,0,0,0,0,0,0,0,0,IsaacFri Nov 15 2019,0,0,0,0,0,0,0,0,0,0,0,0,0,0,0,0,0,0,0,0,0,0,0,0,0,0,0,Sat Nov 16 2019,0,0,0,12,2,0,0,0,0,0,0,0,56,0,0,0,0,0,0,0,0,0,0,0,0,0,0,Sun Nov 17 2019,0,0,0,0,0,0,0,1,0,0,0,0,0,0,0,0,0,0,0,0,0,0,0,0,0,0,0,Mon Nov 18 2019,0,0,0.84,15,3,0,0,1,0,14,4,68,83,10,0,0,0,0,0.0035,0,0,0,0,0,0,0,0,Tue Nov 19 2019,0,0,0,0,0,0,0,0,0,0,0,0,0,0,0,0,0,0,0,0,0,0,0,0,0,0,0,Wed Nov 20 2019,0,0,1.02,0,0,0,0,0,0,5,2,135,139,4,0,0,0,0,0,0,0,0,0,0,0,0,0,Thu Nov 21 2019,0,0,0,0,0,0,0,0,0,0,0,0,0,0,0,0,0,0,0,0,0,0,0,0,0,0,0,Fri Nov 22 2019,0,0,0,0,0,0,0,0,0,0,0,0,0,0,0,0,0,0,0,0,0,0,0,0,0,0,0,Sat Nov 23 2019,0,0,0.94,21,3,0,0,0,0,10,2,84,89,9,0,0,0,0,0.007,0,0,0,0,0,0,0,0,Sun Nov 24 2019,0,0,0,0,0,0,0,0,0,0,0,0,0,0,0,0,0,0,0,0,0,0,0,0,0,0,0,Mon Nov 25 2019,0,0,0,0,0,0,0,0,0,0,0,0,0,0,0,0,0,0,0,0,0,0,0,0,0,0,0,Tue Nov 26 2019,0,0,0,0,0,0,0,0,0,0,0,0,0,0,0,0,0,0,0,0,0,0,0,0,0,0,0,Wed Nov 27 2019,0,0,0,0,0,0,0,0,0,0,0,0,0,0,0,0,0,0,0,0,0,0,0,0,0,0,0,Thu Nov 28 2019,0,0,0,0,0,0,0,0,0,0,0,0,0,0,0,0,0,0,0,0,0,0,0,0,0,0,0,Fri Nov 29 2019,0,0,0,0,0,0,0,0,0,0,0,0,0,0,0,0,0,0,0,0,0,0,0,0,0,0,0,Sat Nov 30 2019,0,0,0,0,0,0,0,0,0,0,0,0,0,0,0,0,0,0,0,0,0,0,0,0,0,0,0,Sun Dec 01 2019,0,0,0,0,0,0,0,0,0,0,0,0,0,0,0,0,0,0,0,0,0,0,0,0,0,0,0,Mon Dec 02 2019,0,0,0,0,0,0,0,0,0,0,0,0,0,0,0,0,0,0,0,0,0,0,0,0,0,0,0,Tue Dec 03 2019,0,0,0,0,0,0,0,0,0,0,0,0,0,0,0,0,0,0,0,0,0,0,0,0,0,0,0,Wed Dec 04 2019,0,0,0.83,80,3,0,0,2,0,19,2,107,176,12,0,0,0,0,0.007,0,0,0,0,0,0,0,0,Thu Dec 05 2019,0,0,0.09,2,2,0,0,0,0,6,2,8,144,5,0,0,0,0,0.0035,0,0,0,0,0,0,0,0,Fri Dec 06 2019,0,0,0,0,0,0,0,0,0,0,0,0,0,0,0,0,0,0,0,0,0,0,0,0,0,0,0,Sat Dec 07 2019,0,0,0,0,0,0,0,0,0,0,0,0,0,0,0,0,0,0,0,0,0,0,0,0,0,0,0,Sun Dec 08 2019,0,0,0,0,0,3,0,0,0,0,0,0,0,0,0,0,0,0,0,0,0,0,0,0,0,0,0,Mon Dec 09 2019,0,0,0,0,0,0,0,0,0,0,0,0,0,0,0,0,0,0,0,0,0,0,0,0,0,0,0,Tue Dec 10 2019,0,0,0,0,0,0,0,0,0,0,0,0,0,0,0,0,0,0,0.0035,0,0,0,0,0,0,0,0,Wed Dec 11 2019,0,0,2.34,139,5,0,0,3,0,35,5,351,152,16,0,0,0,0,0.0035,0,0,0,0,0,0,0,0,Thu Dec 12 2019,0,0,0,0,0,0,0,0,0,0,0,0,0,0,0,0,0,0,0,0,0,0,0,0,0,0,0,Fri Dec 13 2019,0,0,1.97,56,3,0,0,0,0,8,5,215,109,3,0,0,0,0,0.007,0,0,0,0,0,0,0,0,Pokemon SwordSat Dec 14 2019,0,0,0,0,0,0,0,0,0,0,0,0,0,0,0,0,0,0,0,0,0,0,0,0,0,0,0,Sun Dec 15 2019,0,0,0,0,0,0,0,0,0,0,0,0,0,0,0,0,0,0,0,0,0,0,0,0,0,0,0,Mon Dec 16 2019,0,0,0.3,3,1,0,0,0,0,8,3,30,99,6,0,0,0,0,0,0,0,0,0,0,0,0,0,Tue Dec 17 2019,0,0,0,0,0,0,0,0,0,0,0,0,0,0,0,0,0,0,0,0,0,0,0,0,0,0,0,Wed Dec 18 2019,0,0,2.05,1,1,0,0,0,2.33,15,5,172,84,14,0,0,0,0,0.0105,0,0,0,0,0,0,0,0,Thu Dec 19 2019,0,0,0,0,0,0,0,0,0,0,0,0,0,0,0,0,0,0,0,0,0,0,0,0,0,0,0,Fri Dec 20 2019,0,0,0,0,0,0,0,0,0,0,0,0,0,0,0,0,0,0,0,0,0,0,0,0,0,0,0,Sat Dec 21 2019,0,0,0,0,0,0,0,0,0,0,0,0,0,0,0,0,0,0,0,0,0,0,0,0,0,0,0,Sun Dec 22 2019,0,0,0,0,0,4,0,0,0,0,0,0,0,0,0,0,0,0,0,0,0,0,0,0,0,0,0,Mon Dec 23 2019,0,0,0,0,0,0,0,1,0,0,0,0,0,0,0,0,0,0,0.007,0,0,0,0,0,0,0,0,Tue Dec 24 2019,0,0,0,0,0,0,0,0,0,0,0,0,0,0,0,0,0,0,0,0,0,0,0,0,0,0,0,Wed Dec 25 2019,0,0,0,0,0,0,0,0,0,0,0,0,0,0,0,0,0,0,0,0,0,0,0,0,0,0,0,Thu Dec 26 2019,0,0,0,0,0,0,0,0,0,0,0,0,0,0,0,0,0,0,0,0,0,0,0,0,0,0,0,Fri Dec 27 2019,0,0,0,0,0,0,0,0,0,0,0,0,0,0,0,0,0,0,0,0,0,0,0,0,0,0,0,Sat Dec 28 2019,0,0,0,0,0,0,0,0,0,0,0,0,0,0,0,0,0,0,0,0,0,0,0,0,0,0,0,Sun Dec 29 2019,0,0,0,0,0,0,0,0,0,0,0,0,0,0,0,0,0,0,0,0,0,0,0,0,0,0,0,Mon Dec 30 2019,0,0,0,0,0,0,0,0,0,0,0,0,0,0,0,0,0,0,0,0,0,0,0,0,0,0,0,Tue Dec 31 2019,0,0,0,0,0,0,0,0,0,0,0,0,0,0,0,0,0,0,0,0,0,0,0,0,0,0,0,Wed Jan 01 2020,0,0,0,0,0,0,0,0,0,0,0,0,0,0,0,0,0,0,0,0,0,0,0,0,0,0,0,Thu Jan 02 2020,0,0,0,0,0,0,0,0,0,0,0,0,0,0,0,0,0,0,0,0,0,0,0,0,0,0,0,Fri Jan 03 2020,0,0,0,0,0,0,0,0,0,0,0,0,0,0,0,0,0,0,0,0,0,0,0,0,0,0,0,Sat Jan 04 2020,0,0,0,0,0,0,0,0,0,0,0,0,0,0,0,0,0,0,0,0,0,0,0,0,0,0,0,Sun Jan 05 2020,0,0,0,0,0,0,0,0,0,0,0,0,0,0,0,0,0,0,0,0,0,0,0,0,0,0,0,Mon Jan 06 2020,0,0,0,0,0,0,0,0,0,0,0,0,0,0,0,0,0,0,0,0,0,0,0,0,0,0,0,Tue Jan 07 2020,0,0,0,0,0,0,0,0,0,0,0,0,0,0,0,0,0,0,0,0,0,0,0,0,0,0,0,Wed Jan 08 2020,0,0,0,0,0,0,0,0,0,0,0,0,0,0,0,0,0,0,0,0,0,0,0,0,0,0,0,Thu Jan 09 2020,0,0,0,0,0,0,0,0,0,0,0,0,0,0,0,0,0,0,0,0,0,0,0,0,0,0,0,Fri Jan 10 2020,0,0,1.26,11,4,3,2,2,5.56,20,3,144,116,16,2.055,0,0,0,0,0,0,0,0,1,1,0,0,Sat Jan 11 2020,0,0,0,0,0,2,0,0,0,0,0,0,0,0,0,0,0,0,0,0,0,0,0,0,0,0,0,Sun Jan 12 2020,0,0,0,0,0,0,0,0,0,0,0,0,0,0,0,0,0,0,0,0,0,0,0,0,0,0,0,Mon Jan 13 2020,0,0,0.93,109,11,0,2,3,0,31,3,154,169,20,0,0,0,0,0.0105,0,0,0,0,0,0,0,0,Tue Jan 14 2020,0,0,0,0,0,2,0,0,0,0,0,0,0,0,0,0,0,0,0,0,0,0,0,0,0,0,0,Wed Jan 15 2020,0,0,0.26,2,1,0,0,1,0,6,1,20,98,5,0,0,0,0,0,0,0,0,0,0,0,0,0,Thu Jan 16 2020,0,0,0,0,0,0,0,0,0,1,0,0,0,1,0,0,0,0,0,0,0,0,0,0,0,0,0,Fri Jan 17 2020,0,0,1.46,159,10,0,1,5,0,53,5,335,234,19,0,2.495,0,0,0.007,0,0,0,1,0,0,0,0,Sat Jan 18 2020,0,0,0.92,42,2,6,4,2,3.57,10,2,56,63,6,0,0,0,0,0.007,0,0,0,0,0,0,0,0,Sun Jan 19 2020,0,0,0,0,0,3,1,0,0,0,0,0,0,0,0,0,0,0,0,0,0,0,0,0,0,0,0,Mon Jan 20 2020,0,0,1.51,106,18,2,1,5,0,64,5,276,183,41,0,0,0,0,0.0525,0,0,0,0,0,0,0,0,Tue Jan 21 2020,0,0,0,0,0,0,0,0,0,0,0,0,0,0,0,0,0,0,0,0,0,0,0,0,0,0,0,Wed Jan 22 2020,0,0,0,0,0,0,0,0,0,0,0,0,0,0,0,0,0,0,0,0,0,0,0,0,0,0,0,Thu Jan 23 2020,0,0,0,0,0,0,0,0,0,0,0,0,0,0,0,0,0,0,0,0,0,0,0,0,0,0,0,Fri Jan 24 2020,0,0,0.69,2,1,8,1,0,0,11,3,73,127,6,0,0,0,0,0,0,0,0,0,0,0,0,0,Sat Jan 25 2020,0,0,0,0,0,0,0,0,0,0,0,0,0,0,0,0,0,0,0,0,0,0,0,0,0,0,0,Sun Jan 26 2020,0,0,0,0,0,1,0,0,0,0,0,0,0,0,0,0,0,0,0,0,0,0,0,0,0,0,0,Mon Jan 27 2020,0,0,0,0,0,0,0,0,0,0,0,0,0,0,0,0,0,0,0,0,0,0,0,0,0,0,0,Tue Jan 28 2020,0,0,0,0,0,0,0,0,0,0,0,0,0,0,0,0,0,0,0,0,0,0,0,0,0,0,0,Wed Jan 29 2020,0,0,3.05,336,13,0,0,1,0,45,7,665,220,20,0,0,0,0,0.0315,0,0,0,0,0,0,0,0,Thu Jan 30 2020,0,0,0,0,0,0,0,0,0,0,0,0,0,0,0,0,0,0,0,0,0,0,0,0,0,0,0,Fri Jan 31 2020,0,0,0.65,45,5,0,0,0,0,10,2,79,125,6,0,0,0,0,0,0,0,0,0,0,0,0,0,Sat Feb 01 2020,0,0,0,0,0,1,1,0,0,0,0,0,0,0,0,0,0,0,0,0,0,0,0,0,0,0,0,Sun Feb 02 2020,0,0,0,0,0,0,0,0,0,0,0,0,0,0,0,0,0,0,0,0,0,0,0,0,0,0,0,Mon Feb 03 2020,0,0,1.23,213,8,18,1,0,0,35,3,250,208,12,0,0,0,0,0.0105,0,0,0,0,0,0,0,0,Tue Feb 04 2020,0,0,0,0,0,8,2,0,0,0,0,0,0,0,0,0,0,0,0,0,0,0,0,0,0,0,0,Wed Feb 05 2020,0,0,0,0,0,2,0,0,0,0,0,0,0,0,0,0,0,0,0,0,0,0,0,0,0,0,0,Thu Feb 06 2020,0,0,0,0,0,0,0,0,0,0,0,0,0,0,0,0,0,0,0,0,0,0,0,0,0,0,0,Fri Feb 07 2020,0,0,1.72,20,5,11,1,2,0,16,5,196,116,9,0,0,0,0,0.007,0,0,0,0,0,0,0,0,Sat Feb 08 2020,0,0,0,0,0,13,0,0,0,1,0,0,0,1,0,0,0,0,0,0,0,0,0,0,0,0,0,Sun Feb 09 2020,0,0,0,0,0,0,0,0,0,0,0,0,0,0,0,0,0,0,0,0,0,0,0,0,0,0,0,Mon Feb 10 2020,0,0,1.04,75,5,0,0,0,0,13,2,140,138,11,2.015,0,0,0,0,0,0,0,0,1,1,0,0,Tue Feb 11 2020,0,0,0,0,0,0,0,0,0,0,0,0,0,0,0,0,0,0,0,0,0,0,0,0,0,0,0,Wed Feb 12 2020,0,0,0,0,0,0,0,0,0,0,0,0,0,0,0,0,0,0,0,0,0,0,0,0,0,0,0,Thu Feb 13 2020,0,0,0,0,0,0,0,0,0,0,0,0,0,0,0,0,0,0,0,0,0,0,0,0,0,0,0,Fri Feb 14 2020,0,0,0,0,0,0,0,0,0,0,0,0,0,0,0,0,0,0,0,0,0,0,0,0,0,0,0,Sat Feb 15 2020,0,0,0,0,0,0,0,0,0,0,0,0,0,0,0,0,0,0,0,0,0,0,0,0,0,0,0,Sun Feb 16 2020,0,0,0,0,0,0,0,0,0,0,0,0,0,0,0,0,0,0,0,0,0,0,0,0,0,0,0,Mon Feb 17 2020,0,0,2.53,63,8,0,0,4,0,15,7,261,103,13,0,0,0,0,0,0,0,0,0,0,0,0,0,IsaacTue Feb 18 2020,0,0,0,0,0,3,2,0,0,0,0,0,0,0,0,0,0,0,0,0,0,0,0,0,0,0,0,Wed Feb 19 2020,0,0,0,0,0,0,0,0,0,0,0,0,0,0,0,0,0,0,0,0,0,0,0,0,0,0,0,Thu Feb 20 2020,0,0,0,0,0,0,0,0,0,0,0,0,0,0,0,0,0,0,0,0,0,0,0,0,0,0,0,Fri Feb 21 2020,0,0,0,0,0,0,0,0,0,0,0,0,0,0,0,0,0,0,0,0,0,0,0,0,0,0,0,Sat Feb 22 2020,0,0,0,0,0,0,0,0,0,0,0,0,0,0,0,0,0,0,0,0,0,0,0,0,0,0,0,Sun Feb 23 2020,0,0,0,0,0,0,0,0,0,0,0,0,0,0,0,0,0,0,0,0,0,0,0,0,0,0,0,Mon Feb 24 2020,0,0,0.61,17,3,0,0,0,0,2,1,20,33,2,0,0,0,0,0,0,0,0,0,0,0,0,0,Tue Feb 25 2020,0,0,0,0,0,0,0,0,0,0,0,0,0,0,0,0,0,0,0,0,0,0,0,0,0,0,0,Wed Feb 26 2020,0,0,0,0,0,0,0,0,0,0,0,0,0,0,0,0,0,0,0,0,0,0,0,0,0,0,0,Thu Feb 27 2020,0,0,0,0,0,0,0,0,0,0,0,0,0,0,0,0,0,0,0,0,0,0,0,0,0,0,0,Fri Feb 28 2020,0,0,0,0,0,0,0,0,0,0,0,0,0,0,0,0,0,0,0,0,0,0,0,0,0,0,0,Sat Feb 29 2020,0,0,0,0,0,0,0,0,0,0,0,0,0,0,0,0,0,0,0,0,0,0,0,0,0,0,0,Sun Mar 01 2020,0,0,0,0,0,0,0,0,0,0,0,0,0,0,0,0,0,0,0,0,0,0,0,0,0,0,0,Mon Mar 02 2020,0,0,0,0,0,0,0,0,0,0,0,0,0,0,0,0,0,0,0,0,0,0,0,0,0,0,0,Tue Mar 03 2020,0,0,1.4,55,11,6,2,1,1.55,28,6,194,139,20,0,0,0,0,0.0175,0,0,0,0,0,0,0,0,SMM2Wed Mar 04 2020,0,0,1.03,100,3,2,1,0,0.5,27,3,201,195,9,0,0,0,0,0.0035,0,0,0,0,0,0,0,0,Thu Mar 05 2020,0,0,0,0,0,0,1,0,0,0,0,0,0,0,0,0,0,0,0,0,0,0,0,0,0,0,0,Fri Mar 06 2020,0,0,0.19,28,3,0,0,0,0,2,1,26,134,1,0,0,0,0,0,0,0,0,0,0,0,0,0,Sat Mar 07 2020,0,0,0,0,0,0,0,0,0,0,0,0,0,0,0,0,0,0,0,0,0,0,0,0,0,0,0,Sun Mar 08 2020,0,0,0,0,0,0,0,0,0,0,0,0,0,0,0,0,0,0,0,0,0,0,0,0,0,0,0,Mon Mar 09 2020,0,0,1.62,34,8,1,0,2,23.16,14,10,190,117,14,0,0,0,0,0.0035,0,0,0,0,0,0,0,0,Tue Mar 10 2020,0,0,0,0,0,0,1,0,0,0,0,0,0,0,2.085,0,0,0,0,0,0,0,0,1,1,0,0,Wed Mar 11 2020,0,0,1.72,74,4,0,0,0,0,34,4,277,160,12,0,0,0,0,0.0105,0,0,0,0,0,0,0,0,Thu Mar 12 2020,0,0,0,0,0,0,4,0,0,0,0,0,0,0,0,0,0,0,0,0,0,0,0,0,0,0,0,Fri Mar 13 2020,0,0,1.75,39,3,0,0,1,0,23,4,227,130,15,0,0,0,0,0.0105,0,0,0,0,0,0,0,0,Sat Mar 14 2020,0,0,0.88,32,5,0,0,1,0,11,2,81,92,8,0,0,0,0,0.007,0,0,0,0,0,0,0,0,Sun Mar 15 2020,0,0,0,0,0,0,0,0,0,0,0,0,0,0,0,0,0,0,0,0,0,0,0,0,0,0,0,Mon Mar 16 2020,0,0,1.63,24,3,0,0,0,0,11,3,207,127,11,0,0,0,0,0.007,0,0,0,0,0,0,0,0,Tue Mar 17 2020,0,0,0,0,0,0,0,0,0,0,0,0,0,0,0,0,0,0,0,0,0,0,0,0,0,0,0,Wed Mar 18 2020,0,0,0,0,0,0,0,0,0,0,0,0,0,0,0,0,0,0,0,0,0,0,0,0,0,0,0,Thu Mar 19 2020,2,18.05,2.54,283,10,0,0,2,0.69,72,7,1013,399,33,0,0,0,0,0.0385,0,0,0,0,0,0,0,0,Isaac - TakedownFri Mar 20 2020,0,0,0,0,0,0,0,0,0,0,0,0,0,0,0,0,0,0,0,0,0,0,0,0,0,0,0,Sat Mar 21 2020,0,0,0.21,0,0,0,0,0,0,5,1,13,63,3,0,0,0,0,0,0,0,0,0,0,0,0,0,Sun Mar 22 2020,0,0,0,0,0,0,0,0,0,0,0,0,0,0,0,0,0,0,0,0,0,0,0,0,0,0,0,Mon Mar 23 2020,0,0,0,0,0,0,0,0,0,0,0,0,0,0,0,0,0,0,0.0035,0,0,0,0,0,0,0,0,Tue Mar 24 2020,0,0,0,0,0,0,0,0,0,0,0,0,0,0,0,0,0,0,0,0,0,0,0,0,0,0,0,Wed Mar 25 2020,0,0,0,0,0,0,0,0,0,0,0,0,0,0,0,0,0,0,0,0,0,0,0,0,0,0,0,Thu Mar 26 2020,0,0,0,0,0,0,0,0,0,0,0,0,0,0,0,0,0,0,0,0,0,0,0,0,0,0,0,Fri Mar 27 2020,0,0,0,0,0,0,0,0,0,0,0,0,0,0,0,0,0,0,0,0,0,0,0,0,0,0,0,Sat Mar 28 2020,0,0,0,0,0,0,0,0,0,0,0,0,0,0,0,0,0,0,0,0,0,0,0,0,0,0,0,Sun Mar 29 2020,0,0,0,0,0,0,0,0,0,0,0,0,0,0,0,0,0,0,0,0,0,0,0,0,0,0,0,Mon Mar 30 2020,0,0,0,0,0,0,0,0,0,0,0,0,0,0,0,0,0,0,0,0,0,0,0,0,0,0,0,Tue Mar 31 2020,0,0,2.47,64,4,0,1,0,0,16,5,195,78,11,0,2.495,0,0,0.0035,0,0,0,1,0,0,0,0,Wed Apr 01 2020,0,0,0,0,0,0,0,0,0,0,0,0,0,0,0,0,0,0,0.007,0,0,0,0,0,0,0,0,PPTThu Apr 02 2020,0,0,3.42,249,12,0,0,2,21.17,57,21,685,200,39,0,0,0,0,0.0175,0,0,0,0,0,0,0,0,Fri Apr 03 2020,0,0,1.36,70,5,0,0,0,20.2,18,8,203,149,16,0,0,0,0,0,0,0,0,0,0,0,0,0,PPTSat Apr 04 2020,0,0,1.43,131,4,0,0,0,26.01,20,9,173,121,10,0,0,0,0.02,0.0035,0,0,0,0,0,0,0,0,Sun Apr 05 2020,0,0,1.9,69,4,9,3,0,24.21,8,3,95,50,7,0,0,0,0,0.0035,0,0,0,0,0,0,0,0,Mon Apr 06 2020,0,0,0,0,0,2,0,0,0,0,0,0,0,0,0,0,0,0,0,0,0,0,0,0,0,0,0,Tue Apr 07 2020,0,0,0,0,0,0,0,0,0,0,0,0,0,0,0,0,0,0,0,0,0,0,0,0,0,0,0,Wed Apr 08 2020,0,0,0,0,0,0,0,0,0,0,0,0,0,0,0,0,0,0,0,0,0,0,0,0,0,0,0,Thu Apr 09 2020,0,0,2.01,49,5,0,0,0,7.03,30,5,313,159,21,0,0,0,0,0.007,0,0,0,0,0,0,0,0,Fri Apr 10 2020,0,0,0,0,0,0,0,0,0,0,0,0,0,0,2.02,0,0,0,0,0,0,0,0,1,1,0,0,Sat Apr 11 2020,0,0,2.27,40,3,0,0,0,0,15,4,213,94,10,0,0,0,0,0.0035,0,0,0,0,0,0,0,0,Sun Apr 12 2020,0,0,0,0,0,0,0,0,0,0,0,0,0,0,0,0,0,0,0,0,0,0,0,0,0,0,0,Mon Apr 13 2020,0,0,1.89,63,4,0,0,1,0,21,5,491,260,15,0,0,0,0,0.0035,0,0,0,0,0,0,0,0,IsaacTue Apr 14 2020,0,0,0,0,0,0,0,0,0,0,0,0,0,0,0,0,0,0,0,0,0,0,0,0,0,0,0,Wed Apr 15 2020,0,0,1.5,85,5,0,0,0,0.94,26,5,320,214,15,0,0,0,0,0.007,0,0,0,0,0,0,0,0,PPTThu Apr 16 2020,0,0,0,1,1,7,1,1,0,0,0,0,0,0,0,0,0,0,0,0,0,0,0,0,0,0,0,Fri Apr 17 2020,0,0,1.46,23,2,0,0,0,0,36,4,263,180,17,0,0,0,0,0.0175,0,0,0,0,0,0,0,0,PPTSat Apr 18 2020,0,0,1.22,20,3,2,1,3,0,11,7,131,107,8,0,0,0,0,0.007,0,0,0,0,0,0,0,0,Sun Apr 19 2020,0,0,3.04,152,8,0,2,0,0.13,47,10,748,246,33,0,0,0,0.01,0.007,0,0,0,0,0,0,0,0,Mon Apr 20 2020,0,0,0,0,0,5,0,0,0,0,0,0,0,0,0,0,0,0,0.0035,0,0,0,0,0,0,0,0,Tue Apr 21 2020,0,0,1.29,18,4,0,0,0,0,8,3,141,109,7,0,0,0,0,0,0,0,0,0,0,0,0,0,Wed Apr 22 2020,0,0,0,0,0,4,0,0,0,0,0,0,0,0,0,0,0,0,0,0,0,0,0,0,0,0,0,Thu Apr 23 2020,0,0,3.01,180,11,0,0,6,35.44,59,7,666,220,31,0,0,0,0,0.007,0,0,0,0,0,0,0,0,SMM2Fri Apr 24 2020,0,0,1.48,66,9,0,0,3,67.05,29,5,176,119,21,0,0,0,0,0,0,0,0,0,0,0,0,0,Sat Apr 25 2020,0,0,0,0,0,0,0,0,0,0,0,0,0,0,0,0,0,0,0,0,0,0,0,0,0,0,0,Sun Apr 26 2020,0,0,0,0,0,0,0,0,0,1,0,0,0,1,0,0,0,0,0,0,0,0,0,0,0,0,0,Mon Apr 27 2020,0,0,0,0,0,1,0,0,0,0,0,0,0,0,0,0,0,0,0,0,0,0,0,0,0,0,0,Tue Apr 28 2020,0,0,0,0,0,0,0,0,0,0,0,0,0,0,0,0,0,0,0,0,0,0,0,0,0,0,0,Wed Apr 29 2020,0,0,1.29,30,3,0,0,1,0.62,18,3,161,125,10,0,0,0,0,0.0105,0,0,0,0,0,0,0,0,Thu Apr 30 2020,0,0,0,0,0,0,0,0,0,0,0,0,0,0,0,0,0,0,0,0,0,0,0,0,0,0,0,Fri May 01 2020,0,0,1.54,76,5,0,0,1,0,19,5,106,69,15,0,0,0,0,0.0035,0,0,0,0,0,0,0,0,Sat May 02 2020,0,0,0,0,0,0,0,0,0,0,0,0,0,0,0,0,0,0,0,0,0,0,0,0,0,0,0,Sun May 03 2020,0,0,2.12,83,9,0,0,2,0,18,6,242,114,12,0,0,0,0,0.007,0,0,0,0,0,0,0,0,Mon May 04 2020,0,0,1.89,78,8,5,2,2,0,22,3,247,131,12,0,0,0,0,0.007,0,0,0,0,0,0,0,0,Tue May 05 2020,0,0,0,0,0,0,0,0,0,0,0,0,0,0,0,0,0,0,0,0,0,0,0,0,0,0,0,Wed May 06 2020,0,0,0,0,0,0,0,0,0,0,0,0,0,0,0,0,0,0,0,0,0,0,0,0,0,0,0,Thu May 07 2020,0,0,2.67,76,6,0,0,0,0.2,59,6,497,186,32,0,0,0,0,0.0245,0,0,0,0,0,0,0,0,PPT - TSWFri May 08 2020,0,0,0,0,0,6,1,0,0,0,0,0,0,0,0,0,0,0,0,0,0,0,0,0,0,0,0,Sat May 09 2020,0,0,2.41,366,14,1,0,4,0.15,51,7,684,284,34,0,0,0,0,0.0245,0,0,0,0,0,0,0,0,SplatoonSun May 10 2020,0,0,1.24,69,7,1,0,3,0,8,4,108,87,6,2.02,0,0,0,0,0,0,0,0,1,1,0,0,Mon May 11 2020,0,0,3.23,541,13,0,0,3,0,58,7,897,278,30,0,0,0,0,0.0105,0,0,0,0,0,0,0,0,SplatoonTue May 12 2020,0,0,0,0,0,0,0,0,0,0,0,0,0,0,0,0,0,0,0,0,0,0,0,0,0,0,0,Wed May 13 2020,0,0,1.68,206,8,0,1,1,25.55,51,9,274,163,28,0,0,0,0,0.007,0,0,0,0,0,0,0,0,SplatoonThu May 14 2020,0,0,0,3,1,0,0,0,0,1,0,0,0,1,0,0,0,0,0,0,0,0,0,0,0,0,0,Fri May 15 2020,0,0,3.23,212,9,0,7,0,0,35,7,621,192,18,0,0,0,0,0.0035,0,0,0,0,0,0,0,0,T99 - TEffectSat May 16 2020,0,0,0,0,0,17,3,0,0,0,0,0,0,0,0,0,0,0,0,0,0,0,0,0,0,0,0,Sun May 17 2020,0,0,4.07,185,11,0,0,1,0,23,7,525,129,19,0,0,0,0,0.0035,0,0,0,0,0,0,0,0,SplatoonMon May 18 2020,0,0,0.81,8,4,3,1,0,2.13,12,4,47,58,10,0,0,0,0,0,0,0,0,0,0,0,0,0,Tue May 19 2020,0,0,2.57,27,6,0,0,2,34.27,17,5,213,82,13,0,0,0,0,0.007,0,0,0,0,0,0,0,0,Wed May 20 2020,0,0,3.98,398,11,0,0,1,0.4,58,9,991,250,30,0,0,0,0,0.014,0,0,0,0,0,0,0,0,SplatoonThu May 21 2020,0,0,3.84,136,11,3,2,1,8.66,67,9,1132,295,40,0,0,2.01,2.01,0.028,0,0,0,0,0,0,1,1,T99 - TEffectFri May 22 2020,0,0,0.21,11,4,8,0,0,5,5,2,20,93,5,0,0,0,0,0.0245,0,0,0,0,0,0,0,0,TSWSat May 23 2020,0,0,2.41,430,16,0,0,1,6.12,61,6,686,280,36,0,0,0,0,0.0105,0,0,0,0,0,0,0,0,SplatoonSun May 24 2020,0,0,2.4,125,7,0,0,1,0,21,5,202,82,10,0,0,0,0,0.007,0,0,0,0,0,0,0,0,Mon May 25 2020,0,0,1.81,48,6,9,0,0,0,14,5,372,203,12,0,0,0,0,0,0,0,0,0,0,0,0,0,Tue May 26 2020,0,0,0,0,0,0,0,0,0,0,0,0,0,0,0,0,0,0,0,0,0,0,0,0,0,0,0,Wed May 27 2020,0,0,5.53,452,17,0,0,8,2.75,75,11,945,170,44,0,0,0,0,0.021,0,0,0,0,0,0,0,0,SplatoonThu May 28 2020,0,0,0,0,0,0,0,0,0,0,0,0,0,0,0,0,0,0,0,0,0,0,0,0,0,0,0,Fri May 29 2020,0,0,4.24,345,19,0,0,4,15.9,60,12,717,168,39,0,0,0,0,0.0105,0,0,0,0,0,0,0,0,SplatoonSat May 30 2020,0,0,0,0,0,0,0,0,0,2,0,0,0,2,0,0,0,0,0,0,0,0,0,0,0,0,0,Sun May 31 2020,0,0,4.05,254,14,0,1,0,2.24,53,9,850,209,27,0,0,0,0,0.0175,0,0,0,0,0,0,0,0,Mon Jun 01 2020,0,0,1.36,23,4,0,0,0,0,13,3,101,74,8,0,0,0,0,0.0035,0,0,0,0,0,0,0,0,Tue Jun 02 2020,0,0,3.28,177,11,0,0,2,0,55,9,790,238,28,0,0,0,0,0.007,0,0,0,0,0,0,0,0,SplatoonWed Jun 03 2020,0,0,3.07,124,13,0,0,0,12.71,64,6,724,234,41,0,0,0,0,0.0245,0,0,0,0,0,0,0,0,PPTThu Jun 04 2020,0,0,0,0,0,0,0,0,0,0,0,0,0,0,0,0,0,0,0,0,0,0,0,0,0,0,0,Fri Jun 05 2020,0,0,7.52,795,18,0,2,10,0,108,15,1730,230,43,0,0,0,1,0.028,0,0,0,0,0,0,0,0,SplatoonSat Jun 06 2020,0,0,7.57,158,8,7,0,3,0,8,9,53,7,6,0,0,0,0,0.0035,0,0,0,0,0,0,0,0,Sun Jun 07 2020,0,0,1.57,18,5,5,0,0,0,16,3,116,74,12,0,0,0,0,0,0,0,0,0,0,0,0,0,Mon Jun 08 2020,0,0,7.26,504,15,1,1,2,0.16,114,11,1235,168,43,0,0,0,0,0.014,0,0,0,0,0,0,0,0,SplatoonTue Jun 09 2020,0,0,0,0,0,0,0,0,0,0,0,0,0,0,0,0,0,0,0,0,0,0,0,0,0,0,0,Wed Jun 10 2020,0,0,2.14,94,3,0,0,0,0,14,4,393,183,10,2.1,0,0,0,0.0035,0,0,0,0,1,1,0,0,Thu Jun 11 2020,0,0,6.72,148,9,0,0,1,15.46,37,15,1048,156,30,0,0,0,0,0.021,0,0,0,0,0,0,0,0,PPTFri Jun 12 2020,0,0,4.3,343,13,4,1,3,0,82,7,696,159,22,0,0,0,0,0.0175,0,0,0,0,0,0,0,0,SplatoonSat Jun 13 2020,0,0,3.72,397,16,0,0,3,0,46,6,368,97,28,0,0,0,0,0.0105,0,0,0,0,0,0,0,0,GDSun Jun 14 2020,0,0,2.85,600,14,0,0,0,0.96,59,6,626,216,32,0,0,0,0,0.0175,0,0,0,0,0,0,0,0,PPTMon Jun 15 2020,0,0,0,0,0,0,0,0,0,0,0,0,0,0,0,0,0,0,0,0,0,0,0,0,0,0,0,Tue Jun 16 2020,0,0,5.29,529,16,6,3,6,2.98,98,15,1006,190,50,0,2.495,0,0,0.035,0,0,0,1,0,0,0,0,SplatoonWed Jun 17 2020,0,0,3.1,74,10,1,0,0,0.3,23,6,329,106,12,0,0,0,0,0,0,0,0,0,0,0,0,0,Phoenix WrightThu Jun 18 2020,0,0,0,0,0,0,0,0,0,0,0,0,0,0,0,0,0,0,0,0,0,0,0,0,0,0,0,Fri Jun 19 2020,0,0,5.01,618,18,0,1,1,0,71,10,1032,206,33,0,0,0,0,0.007,0,0,0,0,0,0,0,0,Splatoon - SMM2Sat Jun 20 2020,0,0,6.9,100,9,79,4,2,0,6,9,138,20,4,0,0,0,0,0,0,0,0,0,0,0,0,0,Sun Jun 21 2020,0,0,0,0,0,0,0,0,0,0,0,0,0,0,0,0,0,0,0,0,0,0,0,0,0,0,0,Mon Jun 22 2020,0,0,3.21,216,10,0,0,1,0,38,7,484,151,21,0,0,0,0,0.0175,0,0,0,0,0,0,0,0,PPTTue Jun 23 2020,0,0,4.94,211,7,0,0,0,0.29,15,7,346,70,10,0,0,0,0,0,0,0,0,0,0,0,0,0,Wed Jun 24 2020,0,0,1.74,125,8,0,0,0,0.38,45,7,262,151,25,0,0,0,0,0.014,0,0,0,0,0,0,0,0,ZanzarahThu Jun 25 2020,0,0,0,0,0,0,0,0,0,0,0,0,0,0,0,0,0,0,0,0,0,0,0,0,0,0,0,Fri Jun 26 2020,0,0,5.32,506,15,9,2,3,1.93,103,10,1038,194,42,0,0,0,0,0.0175,0,0,0,0,0,0,0,0,Splatoon - NinjalaSat Jun 27 2020,0,0,0,0,0,0,0,0,0,0,0,0,0,0,0,0,0,0,0,0,0,0,0,0,0,0,0,Sun Jun 28 2020,0,0,0,0,0,0,0,0,0,0,0,0,0,0,0,0,0,0,0,0,0,0,0,0,0,0,0,Mon Jun 29 2020,0,0,1.38,74,4,3,1,0,0,8,3,123,89,6,0,0,0,0,0.0035,0,0,0,0,0,0,0,0,Tue Jun 30 2020,0,0,0,0,0,4,0,0,0,0,0,0,0,0,0,0,0,0,0,0,0,0,0,0,0,0,0,Wed Jul 01 2020,0,0,4.25,686,16,0,0,3,0,63,9,957,224,27,0,0,0,0,0.0105,0,0,0,0,0,0,0,0,SplatoonThu Jul 02 2020,0,0,0,0,0,0,0,0,0,0,0,0,0,0,0,0,0,0,0,0,0,0,0,0,0,0,0,Fri Jul 03 2020,0,0,3.92,246,16,0,0,3,20.51,60,13,780,199,41,0,0,0,0,0.0175,0,0,0,0,0,0,0,0,T99Sat Jul 04 2020,0,0,0,2,1,0,0,0,0,2,0,0,0,2,0,0,0,0,0,0,0,0,0,0,0,0,0,Sun Jul 05 2020,0,0,1.73,52,9,0,0,1,0,28,6,214,124,17,0,0,0,0,0.014,0,0,0,0,0,0,0,0,SplatoonMon Jul 06 2020,0,0,2.2,222,12,0,0,1,0,41,7,334,152,25,0,0,0,0,0.021,0,0,0,0,0,0,0,0,Tue Jul 07 2020,0,0,0,1,1,0,0,1,0,0,0,0,0,0,0,0,0,0,0,0,0,0,0,0,0,0,0,Wed Jul 08 2020,0,0,3.46,170,10,0,0,1,0,27,7,367,106,14,0,0,0,0,0.007,0,0,0,0,0,0,0,0,LoLThu Jul 09 2020,0,0,2.04,0,0,0,0,0,0,2,3,49,24,2,0,0,0,0,0,0,0,0,0,0,0,0,0,Fri Jul 10 2020,0,0,3.54,312,9,0,0,1,0,47,6,527,149,22,2.085,2.495,0,0,0.0035,0,0,0,1,1,1,0,0,Sat Jul 11 2020,0,0,4,0,0,2,1,0,0,0,4,4,1,0,0,0,0,0,0.0035,0,0,0,0,0,0,0,0,Sun Jul 12 2020,0,0,0,0,0,0,0,0,0,0,0,0,0,0,0,0,0,0,0,0,0,0,0,0,0,0,0,Mon Jul 13 2020,0,0,0,0,0,1,0,0,0,0,0,0,0,0,0,0,0,0,0,0,0,0,0,0,0,0,0,Tue Jul 14 2020,0,0,1.61,286,13,4,1,1,0,31,5,237,148,16,0,0,0,0,0,0,0,0,0,0,0,0,0,SplatoonWed Jul 15 2020,0,0,0,2,1,0,0,0,0,0,0,0,0,0,0,0,0,0,0.0035,0,0,0,0,0,0,0,0,Thu Jul 16 2020,0,0,0,0,0,0,0,0,0,0,0,0,0,0,0,0,0,0,0,0,0,0,0,0,0,0,0,Fri Jul 17 2020,0,0,3.23,104,10,0,0,0,0,23,6,333,103,14,0,0,0,0,0.0105,0,0,0,0,0,0,0,0,IsaacSat Jul 18 2020,0,0,2.12,180,13,0,0,0,0,46,7,384,181,24,0,0,0,0,0.0175,0,0,0,0,0,0,0,0,Sun Jul 19 2020,0,0,0,0,0,0,0,0,0,0,0,0,0,0,0,0,0,0,0.0035,0,0,0,0,0,0,0,0,Mon Jul 20 2020,0,0,0,0,0,0,0,0,0,0,0,0,0,0,0,0,0,0,0,0,0,0,0,0,0,0,0,Tue Jul 21 2020,0,0,3.19,194,10,3,2,0,0,22,6,281,88,13,0,0,0,0,0.0035,0,0,0,0,0,0,0,0,Shapez.ioWed Jul 22 2020,0,0,3.11,241,14,3,1,2,18.4,70,10,587,189,42,0,0,0,0,0.0385,0,0,0,0,0,0,0,0,Thu Jul 23 2020,0,0,0,0,0,0,0,0,0,0,0,0,0,0,0,0,0,0,0,0,0,0,0,0,0,0,0,Fri Jul 24 2020,0,0,0,0,0,0,0,0,0,0,0,0,0,0,0,0,0,0,0,0,0,0,0,0,0,0,0,Sat Jul 25 2020,0,0,0.74,20,3,0,0,0,0,7,1,45,61,4,0,0,0,0,0.0035,0,0,0,0,0,0,0,0,Sun Jul 26 2020,0,0,0,0,0,0,0,0,0,0,0,0,0,0,0,0,0,0,0,0,0,0,0,0,0,0,0,Mon Jul 27 2020,0,0,1.31,288,9,7,2,1,0.34,31,4,298,228,15,0,0,0,0,0,0,0,0,0,0,0,0,0,Tue Jul 28 2020,0,0,0,0,0,1,0,0,0,0,0,0,0,0,0,0,0,0,0,0,0,0,0,0,0,0,0,Wed Jul 29 2020,0,0,0,0,0,0,0,0,0,0,0,0,0,0,0,0,0,0,0,0,0,0,0,0,0,0,0,Thu Jul 30 2020,0,0,5.03,243,14,2,1,1,0.81,72,10,744,148,27,0,0,0,0,0.007,0,0,0,0,0,0,0,0,SplatoonFri Jul 31 2020,0,0,4.39,267,15,2,0,0,4.94,57,8,1154,263,30,0,0,0,0,0.014,0,0,0,0,0,0,0,0,Splatoon - Isaac - T99Sat Aug 01 2020,0,0,0,0,0,0,0,0,0,0,0,0,0,0,0,0,0,0,0,0,0,0,0,0,0,0,0,Sun Aug 02 2020,0,0,2.93,116,6,0,0,0,0,26,7,433,148,17,0,0,0,0,0.007,0,0,0,0,0,0,0,0,PPTMon Aug 03 2020,0,0,0,0,0,10,1,0,0,0,0,0,0,0,0,0,0,0,0.0105,0,0,0,0,0,0,0,0,Tue Aug 04 2020,0,0,1.47,169,9,0,0,1,0,24,5,204,139,10,0,0,0,0,0.0035,0,0,0,0,0,0,0,0,Wed Aug 05 2020,0,0,4.15,211,10,0,0,0,0,47,9,444,107,16,0,0,0,0,0.0105,0,0,0,0,0,0,0,0,SplatoonThu Aug 06 2020,0,0,1.67,85,7,0,0,0,0,48,6,358,215,19,0,0,0,0,0.0245,0,0,0,0,0,0,0,0,Fri Aug 07 2020,0,0,0,0,0,0,0,0,0,0,0,0,0,0,0,0,0,0,0,0,0,0,0,0,0,0,0,Sat Aug 08 2020,0,0,0,0,0,0,0,0,0,0,0,0,0,0,0,0,0,0,0,0,0,0,0,0,0,0,0,Sun Aug 09 2020,0,0,0,0,0,0,0,0,0,0,0,0,0,0,0,0,0,0,0.0035,0,0,0,0,0,0,0,0,Mon Aug 10 2020,0,0,0,0,0,0,0,0,0,0,0,0,0,0,2.165,0,0,0,0,0,0,0,0,1,1,0,0,Tue Aug 11 2020,0,0,3.52,556,10,11,0,0,1.8,61,9,665,189,24,0,0,0,0,0.0385,0,0,0,0,0,0,0,0,TSWWed Aug 12 2020,0,0,4.46,528,14,0,0,2,2.64,60,15,683,153,38,0,0,0,0,0.0385,0,0,0,0,0,0,0,0,Pokemon SwordThu Aug 13 2020,0,0,0,0,0,0,0,0,0,0,0,0,0,0,0,0,0,0,0,0,0,0,0,0,0,0,0,Fri Aug 14 2020,0,0,0,0,0,0,0,0,0,1,0,0,0,1,0,0,0,0,0,0,0,0,0,0,0,0,0,Sat Aug 15 2020,0,0,1.42,82,8,0,0,1,0.55,45,4,182,128,10,0,0,0,0,0.0245,0,0,0,0,0,0,0,0,Sun Aug 16 2020,0,0,0,0,0,0,0,0,0,0,0,0,0,0,0,0,0,0,0,0,0,0,0,0,0,0,0,Mon Aug 17 2020,0,0,2.8,268,10,0,2,0,18.72,45,7,716,256,24,0,0,0,0,0.0315,0,0,0,0,0,0,0,0,IsaacTue Aug 18 2020,0,0,3.29,176,13,1,0,3,0,68,7,839,255,33,0,0,0,0,0.0455,0,0,0,0,0,0,0,0,Splatoon - LoLWed Aug 19 2020,0,0,2.46,80,10,5,0,0,0,49,6,645,262,25,0,0,0,0,0.056,0,0,0,0,0,0,0,0,Thu Aug 20 2020,0,0,12.2,1045,61,23,1,5,11.36,421,197,10769,883,163,4.45,0,6.36,3,0.196,0,0,0,0,2,2,3,3,Splatoon - PPT - TSW2 - LoL - Just Chatting - TS - OutDoorsFri Aug 21 2020,0,0,2.2,2,2,0,0,0,91.92,12,3,99,45,7,0,0,0,0,0,0,0,0,0,0,0,0,0,Sat Aug 22 2020,0,0,3.7,292,10,0,0,1,0,44,9,507,137,15,0,0,0,0,0.007,0,0,0,0,0,0,0,0,SplatoonSun Aug 23 2020,0,0,7.25,525,18,0,2,3,0,64,14,1095,151,28,0,0,0,0,0.0035,0,0,0,0,0,0,0,0,SplatoonMon Aug 24 2020,0,0,3.22,121,10,0,0,0,0,56,10,419,130,24,0,0,0,0,0.014,0,0,0,0,0,0,0,0,PPTTue Aug 25 2020,0,0,0,0,0,0,0,0,0,0,0,0,0,0,0,0,0,0,0,0,0,0,0,0,0,0,0,Wed Aug 26 2020,0,0,0,0,0,0,0,0,0,0,0,0,0,0,0,0,0,0,0,0,0,0,0,0,0,0,0,Thu Aug 27 2020,0,0,3.93,209,12,0,0,2,0,33,9,534,136,19,0,0,0,0,0,0,0,0,0,0,0,0,0,Just ChattingFri Aug 28 2020,0,0,0,0,0,0,0,0,0,0,0,0,0,0,0,0,0,0,0,0,0,0,0,0,0,0,0,Puyo PuyoSat Aug 29 2020,0,0,1.72,67,5,0,0,0,0,18,4,220,128,9,0,0,0,0,0.0035,0,0,0,0,0,0,0,0,Sun Aug 30 2020,0,0,0,0,0,0,0,0,0,3,0,0,0,1,0,0,0,0,0,0,0,0,0,0,0,0,0,SpookyMon Aug 31 2020,0,0,4.43,277,8,0,0,1,0.1,50,7,1024,231,19,0,0,0,0,0.0035,0,0,0,0,0,0,0,0,Neon AbyssTue Sep 01 2020,0,0,3.96,140,4,0,0,0,10.77,21,8,297,75,14,0,0,0,0,0.0245,0,0,0,0,0,0,0,0,TSW2Wed Sep 02 2020,0,0,0,0,0,0,0,0,0,0,0,0,0,0,0,0,0,0,0,0,0,0,0,0,0,0,0,Thu Sep 03 2020,0,0,1.9,87,7,0,0,0,0,17,4,215,113,12,0,0,0,0,0.007,0,0,0,0,0,0,0,0,Fri Sep 04 2020,0,0,0,0,0,0,0,0,0,0,0,0,0,0,0,0,0,0,0,0,0,0,0,0,0,0,0,Sat Sep 05 2020,0,0,0,0,0,0,0,0,0,0,0,0,0,0,0,0,0,0,0,0,0,0,0,0,0,0,0,Sun Sep 06 2020,0,0,0,0,0,0,0,0,0,0,0,0,0,0,0,0,0,0,0,0,0,0,0,0,0,0,0,Mon Sep 07 2020,0,0,0,0,0,0,0,0,0,0,0,0,0,0,0,0,0,0,0,0,0,0,0,0,0,0,0,Tue Sep 08 2020,0,0,0,0,0,0,0,0,0,0,0,0,0,0,0,0,0,0,0,0,0,0,0,0,0,0,0,Wed Sep 09 2020,0,0,3.17,130,10,0,0,0,8.62,38,11,383,121,26,0,0,0,0,0.021,0,0,0,0,0,0,0,0,Thu Sep 10 2020,0,0,0,0,0,0,0,0,0,0,0,0,0,0,2.185,0,0,0,0,0,0,0,0,1,1,0,0,Fri Sep 11 2020,0,0,2.62,246,15,1,3,0,40.28,85,10,725,276,38,0,0,0,0,0.07,0,0,0,0,0,0,0,0,MusicSat Sep 12 2020,0,0,0,0,0,0,0,0,0,0,0,0,0,0,0,0,0,0,0,0,0,0,0,0,0,0,0,Sun Sep 13 2020,0,0,0,0,0,0,0,0,0,0,0,0,0,0,0,0,0,0,0,0,0,0,0,0,0,0,0,Mon Sep 14 2020,0,0,0,0,0,0,0,0,0,0,0,0,0,0,0,0,0,0,0,0,0,0,0,0,0,0,0,Tue Sep 15 2020,0,0,0,1,1,0,0,1,0,0,0,0,0,0,0,0,0,0,0,0,0,0,0,0,0,0,0,Wed Sep 16 2020,0,0,0,0,0,0,0,0,0,0,0,0,0,0,0,0,0,0,0,0,0,0,0,0,0,0,0,Thu Sep 17 2020,0,0,0,0,0,0,0,0,0,0,0,0,0,0,0,0,0,0,0,0,0,0,0,0,0,0,0,Fri Sep 18 2020,0,0,0,0,0,0,0,0,0,0,0,0,0,0,0,0,0,0,0,0,0,0,0,0,0,0,0,Sat Sep 19 2020,0,0,0,0,0,0,0,0,0,0,0,0,0,0,0,0,0,0,0,0,0,0,0,0,0,0,0,Sun Sep 20 2020,0,0,0,0,0,0,0,0,0,0,0,0,0,0,0,0,0,0,0,0,0,0,0,0,0,0,0,Mon Sep 21 2020,0,0,0,0,0,0,0,0,0,0,0,0,0,0,0,0,0,0,0,0,0,0,0,0,0,0,0,Tue Sep 22 2020,0,0,0,0,0,0,0,0,0,0,0,0,0,0,0,0,0,0,0,0,0,0,0,0,0,0,0,Wed Sep 23 2020,0,0,6.32,421,9,0,1,0,22.63,51,10,866,137,28,0,0,0,0,0.014,0,0,0,0,0,0,0,0,Splatoon - ETS2Thu Sep 24 2020,0,0,0,0,0,3,2,0,0,0,0,0,0,0,0,0,0,0,0.0105,0,0,0,0,0,0,0,0,Fri Sep 25 2020,0,0,3.52,204,10,0,0,3,26.95,49,6,616,175,21,0,0,0,0.02,0.0245,0,0,0,0,0,0,0,0,ETS2Sat Sep 26 2020,0,0,0,0,0,0,0,0,0,0,0,0,0,0,0,0,0,0,0,0,0,0,0,0,0,0,0,Sun Sep 27 2020,0,0,0,0,0,0,0,0,0,0,0,0,0,0,0,0,0,0,0,0,0,0,0,0,0,0,0,Mon Sep 28 2020,0,0,0,0,0,0,0,0,0,0,0,0,0,0,0,0,0,0,0,0,0,0,0,0,0,0,0,Tue Sep 29 2020,0,0,2.95,140,8,0,0,0,0,37,7,387,131,23,0,0,0,0,0.021,0,0,0,0,0,0,0,0,Neon AbyssWed Sep 30 2020,0,0,0,0,0,0,0,0,0,0,0,0,0,0,0,0,0,0,0,0,0,0,0,0,0,0,0,Thu Oct 01 2020,0,0,0,0,0,0,0,0,0,0,0,0,0,0,0,0,0,0,0,0,0,0,0,0,0,0,0,Fri Oct 02 2020,0,0,3.14,186,15,1,2,2,6.03,64,15,597,191,33,0,2.495,0,0,0.0315,0,0,0,1,0,0,0,0,IsaacSat Oct 03 2020,0,0,3.51,63,6,0,1,0,0,29,6,526,150,15,0,0,0,0,0.007,0,0,0,0,0,0,0,0,IsaacSun Oct 04 2020,0,0,0,0,0,1,0,0,0,0,0,0,0,0,0,0,0,0,0,0,0,0,0,0,0,0,0,Mon Oct 05 2020,0,0,5.79,421,15,1,1,1,5.15,73,10,1164,201,35,0,4.99,0,0,0.0315,0,0,0,2,0,0,0,0,PPTTue Oct 06 2020,0,0,0,1,1,0,0,1,0,0,0,0,0,0,0,0,0,0,0,0,0,0,0,0,0,0,0,Wed Oct 07 2020,0,0,0,0,0,0,0,0,0,0,0,0,0,0,0,0,0,0,0,0,0,0,0,0,0,0,0,Thu Oct 08 2020,0,0,3.81,299,7,0,0,0,0,20,7,370,95,10,0,0,0,0,0.0035,0,0,0,0,0,0,0,0,TSW2Fri Oct 09 2020,0,0,0,0,0,0,0,0,0,0,0,0,0,0,0,0,0,0,0,0,0,0,0,0,0,0,0,Sat Oct 10 2020,0,0,0,0,0,0,0,0,0,0,0,0,0,0,2.185,0,0,0,0,0,0,0,0,1,1,0,0,Sun Oct 11 2020,0,0,2.27,158,9,0,1,0,0.27,26,5,370,162,15,0,0,0,0,0.028,0,0,0,0,0,0,0,0,Genshin ImpactMon Oct 12 2020,0,0,0,0,0,0,0,0,0,0,0,0,0,0,0,0,0,0,0,0,0,0,0,0,0,0,0,Tue Oct 13 2020,0,0,0,0,0,0,0,0,0,0,0,0,0,0,0,0,0,0,0,0,0,0,0,0,0,0,0,Wed Oct 14 2020,0,0,5.03,347,16,7,5,1,2.87,64,13,1046,208,38,0,0,0,0.07,0.0245,0,0,0,0,0,0,0,0,Splatoon - ETS2Thu Oct 15 2020,0,0,0,0,0,1,0,0,0,0,0,0,0,0,0,0,0,0,0,0,0,0,0,0,0,0,0,Fri Oct 16 2020,0,0,4.3,40,6,0,0,0,14.12,17,8,262,62,13,0,0,0,0,0.0105,0,0,0,0,0,0,0,0,T99Sat Oct 17 2020,0,0,2.94,74,7,1,0,0,0,19,6,229,78,8,0,0,0,0,0.007,0,0,0,0,0,0,0,0,Sun Oct 18 2020,0,0,5.21,304,11,0,0,0,4.98,97,13,1767,338,38,0,0,0,1,0.042,0,0,0,0,0,0,0,0,PPT - T99 -TeffectMon Oct 19 2020,0,0,0,0,0,0,0,0,0,0,0,0,0,0,0,0,0,0,0,0,0,0,0,0,0,0,0,Tue Oct 20 2020,0,0,5.04,229,6,0,0,1,0.18,55,9,565,113,22,0,0,0,0,0.028,0,0,0,0,0,0,0,0,TSW2Wed Oct 21 2020,0,0,0,0,0,12,2,0,0,0,0,0,0,0,0,0,0,0,0,0,0,0,0,0,0,0,0,Thu Oct 22 2020,0,0,0,0,0,0,0,0,0,0,0,0,0,0,0,0,0,0,0,0,0,0,0,0,0,0,0,Fri Oct 23 2020,0,0,2.72,193,8,0,0,0,0.43,37,6,468,172,20,0,0,0,0,0.0315,0,0,0,0,0,0,0,0,TSW2Sat Oct 24 2020,0,0,0,0,0,0,0,0,0,0,0,0,0,0,0,0,0,0,0,0,0,0,0,0,0,0,0,Sun Oct 25 2020,0,0,0,0,0,0,0,0,0,0,0,0,0,0,0,0,0,0,0,0,0,0,0,0,0,0,0,Mon Oct 26 2020,0,0,0,0,0,0,0,0,0,0,0,0,0,0,0,0,0,0,0,0,0,0,0,0,0,0,0,Tue Oct 27 2020,0,0,0,0,0,0,0,0,0,0,0,0,0,0,0,0,0,0,0,0,0,0,0,0,0,0,0,Wed Oct 28 2020,0,0,6.22,164,10,0,0,2,6.99,54,15,915,147,34,0,0,0,0,0.0385,0,0,0,0,0,0,0,0,Splatoon - PPCThu Oct 29 2020,0,0,0,0,0,0,0,0,0,0,0,0,0,0,0,0,0,0,0,0,0,0,0,0,0,0,0,Fri Oct 30 2020,0,0,2.15,128,10,0,0,0,0,46,5,496,227,16,0,0,0,0,0.007,0,0,0,0,0,0,0,0,Sat Oct 31 2020,0,0,4.03,268,11,0,0,0,1.12,65,9,714,178,36,0,0,0,0,0.028,0,0,0,0,0,0,0,0,SplatoonSun Nov 01 2020,0,0,0,0,0,0,1,0,0,0,0,0,0,0,0,0,0,0,0,0,0,0,0,0,0,0,0,Mon Nov 02 2020,0,0,4.81,251,11,0,4,0,10.75,69,14,865,179,41,0,2.495,0,0,0.014,0,0,0,1,0,0,0,0,TSW2Tue Nov 03 2020,0,0,0,0,0,29,2,0,0,0,0,0,0,0,0,0,0,0,0,0,0,0,0,0,0,0,0,Wed Nov 04 2020,0,0,0,0,0,1,0,0,0,0,0,0,0,0,0,0,0,0,0,0,0,0,0,0,0,0,0,
